game_id,date,team,period,game_time,wall_time,score_at_pull,trailing_goals,outcome
2023020001,2023-10-10,CAR,3,18:32,2023-10-10T01:45:12Z,3-4,1,tie_game
2023020002,2023-10-10,VGK,3,17:55,2023-10-10T02:12:33Z,2-3,1,no_tie
2023020003,2023-10-11,TBL,3,19:12,2023-10-11T00:58:44Z,4-5,1,tie_game
2023020004,2023-10-11,PIT,3,18:45,2023-10-11T01:22:11Z,3-4,1,no_tie
2023020005,2023-10-12,COL,3,17:38,2023-10-12T02:05:55Z,5-6,1,tie_game
2023020006,2023-10-12,DAL,3,19:01,2023-10-12T01:33:22Z,2-3,1,no_tie
2023020007,2023-10-13,PHI,3,18:20,2023-10-13T00:44:33Z,3-4,1,tie_game
2023020008,2023-10-13,TOR,3,17:50,2023-10-13T01:11:55Z,4-5,1,no_tie
2023020009,2023-10-14,EDM,3,19:15,2023-10-14T02:30:11Z,3-4,1,tie_game
2023020010,2023-10-14,LAK,3,18:40,2023-10-14T01:55:22Z,2-3,1,no_tie
2023020011,2023-10-15,STL,3,17:22,2023-10-15T00:33:44Z,1-2,1,no_tie
2023020012,2023-10-15,BUF,3,19:05,2023-10-15T01:11:55Z,3-4,1,tie_game
2023020013,2023-10-16,MTL,3,18:10,2023-10-16T02:22:11Z,2-3,1,no_tie
2023020014,2023-10-16,FLA,3,17:45,2023-10-16T01:44:33Z,4-5,1,tie_game
2023020015,2023-10-17,NYI,3,19:30,2023-10-17T00:55:22Z,3-4,1,no_tie
2023020016,2023-10-17,WSH,3,18:15,2023-10-17T01:33:44Z,2-3,1,tie_game
2023020017,2023-10-18,DET,3,17:55,2023-10-18T02:11:55Z,1-2,1,no_tie
2023020018,2023-10-18,OTT,3,19:20,2023-10-18T00:44:44Z,4-5,1,tie_game
2023020019,2023-10-19,CBJ,3,18:40,2023-10-19T01:22:11Z,3-4,1,no_tie
2023020020,2023-10-19,CHI,3,17:25,2023-10-19T02:05:55Z,2-3,1,tie_game
2023020021,2023-10-20,NSH,3,19:10,2023-10-20T00:33:44Z,3-4,1,no_tie
2023020022,2023-10-20,MIN,3,18:30,2023-10-20T01:11:55Z,4-5,1,tie_game
2023020023,2023-10-21,WPG,3,17:50,2023-10-21T02:22:11Z,2-3,1,no_tie
2023020024,2023-10-21,ANA,3,19:00,2023-10-21T00:55:22Z,3-4,1,tie_game
2023020025,2023-10-22,SJS,3,18:15,2023-10-22T01:33:44Z,1-2,1,no_tie
2023020026,2023-10-22,SEA,3,17:40,2023-10-22T02:11:55Z,4-5,1,tie_game
2023020027,2023-10-23,VAN,3,19:25,2023-10-23T00:44:44Z,3-4,1,no_tie
2023020028,2023-10-23,CGY,3,18:05,2023-10-23T01:22:11Z,2-3,1,tie_game
2023020029,2023-10-24,ARI,3,17:30,2023-10-24T02:05:55Z,1-2,1,no_tie
2023020030,2023-10-24,NJD,3,19:15,2023-10-24T00:33:44Z,4-5,1,tie_game
2023020031,2023-10-25,BOS,3,18:20,2023-10-25T01:11:55Z,3-4,1,no_tie
2023020032,2023-10-25,OTT,3,17:45,2023-10-25T02:22:11Z,2-3,1,tie_game
2023020033,2023-10-26,BUF,3,19:00,2023-10-26T00:55:22Z,4-5,1,no_tie
2023020034,2023-10-26,MON,3,18:25,2023-10-26T01:33:44Z,3-4,1,tie_game
2023020035,2023-10-27,FLA,3,17:40,2023-10-27T02:11:55Z,1-2,1,no_tie
2023020036,2023-10-27,NYI,3,19:10,2023-10-27T00:44:44Z,3-4,1,tie_game
2023020037,2023-10-28,WSH,3,18:15,2023-10-28T01:22:11Z,2-3,1,no_tie
2023020038,2023-10-28,DET,3,17:30,2023-10-28T02:05:55Z,4-5,1,tie_game
2023020039,2023-10-29,CBJ,3,19:20,2023-10-29T00:33:44Z,3-4,1,no_tie
2023020040,2023-10-29,CHI,3,18:40,2023-10-29T01:11:55Z,2-3,1,tie_game
2023020041,2023-10-30,NSH,3,17:55,2023-10-30T02:22:11Z,1-2,1,no_tie
2023020042,2023-10-30,MIN,3,19:05,2023-10-30T00:55:22Z,3-4,1,tie_game
2023020043,2023-10-31,WPG,3,18:10,2023-10-31T01:33:44Z,3-4,1,no_tie
2023020044,2023-10-31,ANA,3,17:25,2023-10-31T02:11:55Z,2-3,1,tie_game
2023020045,2023-11-01,SJS,3,19:15,2023-11-01T00:44:44Z,3-4,1,no_tie
2023020046,2023-11-01,SEA,3,18:20,2023-11-01T01:22:11Z,2-3,1,tie_game
2023020047,2023-11-02,VAN,3,17:35,2023-11-02T02:05:55Z,1-2,1,no_tie
2023020048,2023-11-02,CGY,3,19:00,2023-11-02T00:33:44Z,3-4,1,tie_game
2023020049,2023-11-03,ARI,3,18:25,2023-11-03T01:11:55Z,2-3,1,no_tie
2023020050,2023-11-03,NJD,3,17:40,2023-11-03T02:22:11Z,4-5,1,tie_game
2023020051,2023-11-04,BOS,3,19:10,2023-11-04T00:55:22Z,3-4,1,no_tie
2023020052,2023-11-04,OTT,3,18:15,2023-11-04T01:33:44Z,2-3,1,tie_game
2023020053,2023-11-05,BUF,3,17:30,2023-11-05T02:11:55Z,4-5,1,no_tie
2023020054,2023-11-05,MON,3,19:20,2023-11-05T00:44:44Z,3-4,1,tie_game
2023020055,2023-11-06,FLA,3,18:40,2023-11-06T01:22:11Z,3-4,1,no_tie
2023020056,2023-11-06,NYI,3,17:55,2023-11-06T02:05:55Z,2-3,1,tie_game
2023020057,2023-11-07,WSH,3,19:05,2023-11-07T00:33:44Z,4-5,1,no_tie
2023020058,2023-11-07,DET,3,18:10,2023-11-07T01:11:55Z,3-4,1,tie_game
2023020059,2023-11-08,CBJ,3,17:25,2023-11-08T02:22:11Z,2-3,1,no_tie
2023020060,2023-11-08,CHI,3,19:15,2023-11-08T00:55:22Z,4-5,1,tie_game
2023020061,2023-11-09,NSH,3,18:20,2023-11-09T01:33:44Z,3-4,1,no_tie
2023020062,2023-11-09,MIN,3,17:35,2023-11-09T02:11:55Z,2-3,1,tie_game
2023020063,2023-11-10,WPG,3,19:00,2023-11-10T00:44:44Z,4-5,1,no_tie
2023020064,2023-11-10,ANA,3,18:25,2023-11-10T01:22:11Z,3-4,1,tie_game
2023020065,2023-11-11,SJS,3,17:40,2023-11-11T02:05:55Z,1-2,1,no_tie
2023020066,2023-11-11,SEA,3,19:10,2023-11-11T00:33:44Z,3-4,1,tie_game
2023020067,2023-11-12,VAN,3,18:15,2023-11-12T01:11:55Z,2-3,1,no_tie
2023020068,2023-11-12,CGY,3,17:30,2023-11-12T02:22:11Z,4-5,1,tie_game
2023020069,2023-11-13,ARI,3,19:20,2023-11-13T00:55:22Z,3-4,1,no_tie
2023020070,2023-11-13,NJD,3,18:40,2023-11-13T01:33:44Z,2-3,1,tie_game
2023020071,2023-11-14,BOS,3,17:55,2023-11-14T02:11:55Z,1-2,1,no_tie
2023020072,2023-11-14,OTT,3,19:05,2023-11-14T00:44:44Z,4-5,1,tie_game
2023020073,2023-11-15,BUF,3,18:10,2023-11-15T01:22:11Z,3-4,1,no_tie
2023020074,2023-11-15,MON,3,17:25,2023-11-15T02:05:55Z,2-3,1,tie_game
2023020075,2023-11-16,FLA,3,19:15,2023-11-16T00:33:44Z,4-5,1,no_tie
2023020076,2023-11-16,NYI,3,18:20,2023-11-16T01:11:55Z,3-4,1,tie_game
2023020077,2023-11-17,WSH,3,17:35,2023-11-17T02:22:11Z,1-2,1,no_tie
2023020078,2023-11-17,DET,3,19:00,2023-11-17T00:55:22Z,3-4,1,tie_game
2023020079,2023-11-18,CBJ,3,18:25,2023-11-18T01:33:44Z,2-3,1,no_tie
2023020080,2023-11-18,CHI,3,17:40,2023-11-18T02:11:55Z,4-5,1,tie_game
2023020081,2023-11-19,NSH,3,19:10,2023-11-19T00:44:44Z,3-4,1,no_tie
2023020082,2023-11-19,MIN,3,18:15,2023-11-19T01:22:11Z,2-3,1,tie_game
2023020083,2023-11-20,WPG,3,17:30,2023-11-20T02:05:55Z,1-2,1,no_tie
2023020084,2023-11-20,ANA,3,19:20,2023-11-20T00:33:44Z,4-5,1,tie_game
2023020085,2023-11-21,SJS,3,18:40,2023-11-21T01:11:55Z,3-4,1,no_tie
2023020086,2023-11-21,SEA,3,17:55,2023-11-21T02:22:11Z,2-3,1,tie_game
2023020087,2023-11-22,VAN,3,19:05,2023-11-22T00:55:22Z,4-5,1,no_tie
2023020088,2023-11-22,CGY,3,18:10,2023-11-22T01:33:44Z,3-4,1,tie_game
2023020089,2023-11-23,ARI,3,17:25,2023-11-23T02:11:55Z,2-3,1,no_tie
2023020090,2023-11-23,NJD,3,19:15,2023-11-23T00:33:44Z,4-5,1,tie_game
2023020091,2023-11-24,BOS,3,18:20,2023-11-24T01:22:11Z,3-4,1,no_tie
2023020092,2023-11-24,OTT,3,17:35,2023-11-24T02:05:55Z,2-3,1,tie_game
2023020093,2023-11-25,BUF,3,19:00,2023-11-25T00:44:44Z,4-5,1,no_tie
2023020094,2023-11-25,MON,3,18:25,2023-11-25T01:11:55Z,3-4,1,tie_game
2023020095,2023-11-26,FLA,3,17:40,2023-11-26T02:22:11Z,1-2,1,no_tie
2023020096,2023-11-26,NYI,3,19:10,2023-11-26T00:33:44Z,3-4,1,tie_game
2023020097,2023-11-27,WSH,3,18:15,2023-11-27T01:33:44Z,2-3,1,no_tie
2023020098,2023-11-27,DET,3,17:30,2023-11-27T02:11:55Z,4-5,1,tie_game
2023020099,2023-11-28,CBJ,3,19:20,2023-11-28T00:55:22Z,3-4,1,no_tie
2023020100,2023-11-28,CHI,3,18:40,2023-11-28T01:22:11Z,2-3,1,tie_game
2023020101,2023-11-29,NSH,3,17:55,2023-11-29T02:05:55Z,1-2,1,no_tie
2023020102,2023-11-29,MIN,3,19:05,2023-11-29T00:44:44Z,3-4,1,tie_game
2023020103,2023-11-30,WPG,3,18:10,2023-11-30T01:11:55Z,3-4,1,no_tie
2023020104,2023-11-30,ANA,3,17:25,2023-11-30T02:22:11Z,2-3,1,tie_game
2023020105,2023-12-01,SJS,3,19:15,2023-12-01T00:33:44Z,3-4,1,no_tie
2023020106,2023-12-01,SEA,3,18:20,2023-12-01T01:33:44Z,2-3,1,tie_game
2023020107,2023-12-02,VAN,3,17:35,2023-12-02T02:11:55Z,1-2,1,no_tie
2023020108,2023-12-02,CGY,3,19:00,2023-12-02T00:55:22Z,3-4,1,tie_game
2023020109,2023-12-03,ARI,3,18:25,2023-12-03T01:22:11Z,2-3,1,no_tie
2023020110,2023-12-03,NJD,3,17:40,2023-12-03T02:05:55Z,4-5,1,tie_game
2023020111,2023-12-04,BOS,3,19:10,2023-12-04T00:33:44Z,3-4,1,no_tie
2023020112,2023-12-04,OTT,3,18:15,2023-12-04T01:11:55Z,2-3,1,tie_game
2023020113,2023-12-05,BUF,3,17:30,2023-12-05T02:22:11Z,4-5,1,no_tie
2023020114,2023-12-05,MON,3,19:20,2023-12-05T00:55:22Z,3-4,1,tie_game
2023020115,2023-12-06,FLA,3,18:40,2023-12-06T01:33:44Z,3-4,1,no_tie
2023020116,2023-12-06,NYI,3,17:55,2023-12-06T02:11:55Z,2-3,1,tie_game
2023020117,2023-12-07,WSH,3,19:05,2023-12-07T00:44:44Z,4-5,1,no_tie
2023020118,2023-12-07,DET,3,18:10,2023-12-07T01:22:11Z,3-4,1,tie_game
2023020119,2023-12-08,CBJ,3,17:25,2023-12-08T02:05:55Z,2-3,1,no_tie
2023020120,2023-12-08,CHI,3,19:15,2023-12-08T00:33:44Z,4-5,1,tie_game
2023020121,2023-12-09,NSH,3,18:20,2023-12-09T01:11:55Z,3-4,1,no_tie
2023020122,2023-12-09,MIN,3,17:35,2023-12-09T02:22:11Z,2-3,1,tie_game
2023020123,2023-12-10,WPG,3,19:00,2023-12-10T00:55:22Z,4-5,1,no_tie
2023020124,2023-12-10,ANA,3,18:25,2023-12-10T01:33:44Z,3-4,1,tie_game
2023020125,2023-12-11,SJS,3,17:40,2023-12-11T02:11:55Z,1-2,1,no_tie
2023020126,2023-12-11,SEA,3,19:10,2023-12-11T00:44:44Z,3-4,1,tie_game
2023020127,2023-12-12,VAN,3,18:15,2023-12-12T01:22:11Z,2-3,1,no_tie
2023020128,2023-12-12,CGY,3,17:30,2023-12-12T02:05:55Z,4-5,1,tie_game
2023020129,2023-12-13,ARI,3,19:20,2023-12-13T00:33:44Z,3-4,1,no_tie
2023020130,2023-12-13,NJD,3,18:40,2023-12-13T01:11:55Z,2-3,1,tie_game
2023020131,2023-12-14,BOS,3,17:55,2023-12-14T02:22:11Z,1-2,1,no_tie
2023020132,2023-12-14,OTT,3,19:05,2023-12-14T00:55:22Z,4-5,1,tie_game
2023020133,2023-12-15,BUF,3,18:10,2023-12-15T01:33:44Z,3-4,1,no_tie
2023020134,2023-12-15,MON,3,17:25,2023-12-15T02:11:55Z,2-3,1,tie_game
2023020135,2023-12-16,FLA,3,19:15,2023-12-16T00:44:44Z,4-5,1,no_tie
2023020136,2023-12-16,NYI,3,18:20,2023-12-16T01:22:11Z,3-4,1,tie_game
2023020137,2023-12-17,WSH,3,17:35,2023-12-17T02:05:55Z,1-2,1,no_tie
2023020138,2023-12-17,DET,3,19:00,2023-12-17T00:33:44Z,3-4,1,tie_game
2023020139,2023-12-18,CBJ,3,18:25,2023-12-18T01:11:55Z,2-3,1,no_tie
2023020140,2023-12-18,CHI,3,17:40,2023-12-18T02:22:11Z,4-5,1,tie_game
2023020141,2023-12-19,NSH,3,19:10,2023-12-19T00:55:22Z,3-4,1,no_tie
2023020142,2023-12-19,MIN,3,18:15,2023-12-19T01:33:44Z,2-3,1,tie_game
2023020143,2023-12-20,WPG,3,17:30,2023-12-20T02:11:55Z,1-2,1,no_tie
2023020144,2023-12-20,ANA,3,19:00,2023-12-20T00:44:44Z,3-4,1,tie_game
2023020145,2023-12-21,SJS,3,18:25,2023-12-21T01:22:11Z,2-3,1,no_tie
2023020146,2023-12-21,SEA,3,17:40,2023-12-21T02:05:55Z,4-5,1,tie_game
2023020147,2023-12-22,VAN,3,19:15,2023-12-22T00:33:44Z,3-4,1,no_tie
2023020148,2023-12-22,CGY,3,18:20,2023-12-22T01:11:55Z,2-3,1,tie_game
2023020149,2023-12-23,ARI,3,17:35,2023-12-23T02:22:11Z,1-2,1,no_tie
2023020150,2023-12-23,NJD,3,19:05,2023-12-23T00:55:22Z,4-5,1,tie_game
2023020151,2023-12-24,BOS,3,18:10,2023-12-24T01:33:44Z,3-4,1,no_tie
2023020152,2023-12-24,OTT,3,17:25,2023-12-24T02:11:55Z,2-3,1,tie_game
2023020153,2023-12-25,BUF,3,19:00,2023-12-25T00:44:44Z,4-5,1,no_tie
2023020154,2023-12-25,MON,3,18:25,2023-12-25T01:22:11Z,3-4,1,tie_game
2023020155,2023-12-26,FLA,3,17:40,2023-12-26T02:05:55Z,1-2,1,no_tie
2023020156,2023-12-26,NYI,3,19:10,2023-12-26T00:33:44Z,3-4,1,tie_game
2023020157,2023-12-27,WSH,3,18:15,2023-12-27T01:11:55Z,2-3,1,no_tie
2023020158,2023-12-27,DET,3,17:30,2023-12-27T02:22:11Z,4-5,1,tie_game
2023020159,2023-12-28,CBJ,3,19:20,2023-12-28T00:55:22Z,3-4,1,no_tie
2023020160,2023-12-28,CHI,3,18:40,2023-12-28T01:33:44Z,2-3,1,tie_game
2023020161,2023-12-29,NSH,3,17:55,2023-12-29T02:11:55Z,1-2,1,no_tie
2023020162,2023-12-29,MIN,3,19:05,2023-12-29T00:44:44Z,3-4,1,tie_game
2023020163,2023-12-30,WPG,3,18:10,2023-12-30T01:22:11Z,3-4,1,no_tie
2023020164,2023-12-30,ANA,3,17:25,2023-12-30T02:05:55Z,2-3,1,tie_game
2023020165,2023-12-31,SJS,3,19:15,2023-12-31T00:33:44Z,3-4,1,no_tie
2023020166,2023-12-31,SEA,3,18:20,2023-12-31T01:11:55Z,2-3,1,tie_game
2023020167,2024-01-01,VAN,3,17:35,2024-01-01T02:22:11Z,1-2,1,no_tie
2023020168,2024-01-01,CGY,3,19:00,2024-01-01T00:55:22Z,3-4,1,tie_game
2023020169,2024-01-02,ARI,3,18:25,2024-01-02T01:33:44Z,2-3,1,no_tie
2023020170,2024-01-02,NJD,3,17:40,2024-01-02T02:11:55Z,4-5,1,tie_game
2023020171,2024-01-03,BOS,3,19:10,2024-01-03T00:44:44Z,3-4,1,no_tie
2023020172,2024-01-03,OTT,3,18:15,2024-01-03T01:22:11Z,2-3,1,tie_game
2023020173,2024-01-04,BUF,3,17:30,2024-01-04T02:05:55Z,4-5,1,no_tie
2023020174,2024-01-04,MON,3,19:20,2024-01-04T00:33:44Z,3-4,1,tie_game
2023020175,2024-01-05,FLA,3,18:40,2024-01-05T01:11:55Z,3-4,1,no_tie
2023020176,2024-01-05,NYI,3,17:55,2024-01-05T02:22:11Z,2-3,1,tie_game
2023020177,2024-01-06,WSH,3,19:05,2024-01-06T00:55:22Z,4-5,1,no_tie
2023020178,2024-01-06,DET,3,18:10,2024-01-06T01:33:44Z,3-4,1,tie_game
2023020179,2024-01-07,CBJ,3,17:25,2024-01-07T02:11:55Z,2-3,1,no_tie
2023020180,2024-01-07,CHI,3,19:15,2024-01-07T00:44:44Z,4-5,1,tie_game
2023020181,2024-01-08,NSH,3,18:20,2024-01-08T01:22:11Z,3-4,1,no_tie
2023020182,2024-01-08,MIN,3,17:35,2024-01-08T02:05:55Z,2-3,1,tie_game
2023020183,2024-01-09,WPG,3,19:00,2024-01-09T00:33:44Z,3-4,1,no_tie
2023020184,2024-01-09,ANA,3,18:25,2024-01-09T01:11:55Z,2-3,1,tie_game
2023020185,2024-01-10,SJS,3,17:40,2024-01-10T02:22:11Z,1-2,1,no_tie
2023020186,2024-01-10,SEA,3,19:10,2024-01-10T00:55:22Z,3-4,1,tie_game
2023020187,2024-01-11,VAN,3,18:15,2024-01-11T01:33:44Z,2-3,1,no_tie
2023020188,2024-01-11,CGY,3,17:30,2024-01-11T02:11:55Z,4-5,1,tie_game
2023020189,2024-01-12,ARI,3,19:20,2024-01-12T00:44:44Z,3-4,1,no_tie
2023020190,2024-01-12,NJD,3,18:40,2024-01-12T01:22:11Z,2-3,1,tie_game
2023020191,2024-01-13,BOS,3,17:55,2024-01-13T02:05:55Z,1-2,1,no_tie
2023020192,2024-01-13,OTT,3,19:05,2024-01-13T00:33:44Z,3-4,1,tie_game
2023020193,2024-01-14,BUF,3,18:10,2024-01-14T01:11:55Z,3-4,1,no_tie
2023020194,2024-01-14,MON,3,17:25,2024-01-14T02:22:11Z,2-3,1,tie_game
2023020195,2024-01-15,FLA,3,19:15,2024-01-15T00:55:22Z,3-4,1,no_tie
2023020196,2024-01-15,NYI,3,18:20,2024-01-15T01:33:44Z,2-3,1,tie_game
2023020197,2024-01-16,WSH,3,17:35,2024-01-16T02:11:55Z,1-2,1,no_tie
2023020198,2024-01-16,DET,3,19:00,2024-01-16T00:44:44Z,3-4,1,tie_game
2023020199,2024-01-17,CBJ,3,18:25,2024-01-17T01:22:11Z,2-3,1,no_tie
2023020200,2024-01-17,CHI,3,17:40,2024-01-17T02:05:55Z,4-5,1,tie_game
2023020201,2024-01-18,NSH,3,19:10,2024-01-18T00:33:44Z,3-4,1,no_tie
2023020202,2024-01-18,MIN,3,18:15,2024-01-18T01:11:55Z,2-3,1,tie_game
2023020203,2024-01-19,WPG,3,17:30,2024-01-19T02:22:11Z,1-2,1,no_tie
2023020204,2024-01-19,ANA,3,19:00,2024-01-19T00:55:22Z,3-4,1,tie_game
2023020205,2024-01-20,SJS,3,18:25,2024-01-20T01:33:44Z,2-3,1,no_tie
2023020206,2024-01-20,SEA,3,17:40,2024-01-20T02:11:55Z,4-5,1,tie_game
2023020207,2024-01-21,VAN,3,19:05,2024-01-21T00:44:44Z,3-4,1,no_tie
2023020208,2024-01-21,CGY,3,18:10,2024-01-21T01:22:11Z,2-3,1,tie_game
2023020209,2024-01-22,ARI,3,17:25,2024-01-22T02:05:55Z,1-2,1,no_tie
2023020210,2024-01-22,NJD,3,19:15,2024-01-22T00:33:44Z,3-4,1,tie_game
2023020211,2024-01-23,BOS,3,18:20,2024-01-23T01:11:55Z,3-4,1,no_tie
2023020212,2024-01-23,OTT,3,17:35,2024-01-23T02:22:11Z,2-3,1,tie_game
2023020213,2024-01-24,BUF,3,19:00,2024-01-24T00:55:22Z,4-5,1,no_tie
2023020214,2024-01-24,MON,3,18:25,2024-01-24T01:33:44Z,3-4,1,tie_game
2023020215,2024-01-25,FLA,3,17:40,2024-01-25T02:11:55Z,1-2,1,no_tie
2023020216,2024-01-25,NYI,3,19:10,2024-01-25T00:33:44Z,3-4,1,tie_game
2023020217,2024-01-26,WSH,3,18:15,2024-01-26T01:22:11Z,2-3,1,no_tie
2023020218,2024-01-26,DET,3,17:30,2024-01-26T02:05:55Z,4-5,1,tie_game
2023020219,2024-01-27,CBJ,3,19:20,2024-01-27T00:55:22Z,3-4,1,no_tie
2023020220,2024-01-27,CHI,3,18:40,2024-01-27T01:33:44Z,2-3,1,tie_game
2023020221,2024-01-28,NSH,3,17:55,2024-01-28T02:11:55Z,1-2,1,no_tie
2023020222,2024-01-28,MIN,3,19:05,2024-01-28T00:44:44Z,3-4,1,tie_game
2023020223,2024-01-29,WPG,3,18:10,2024-01-29T01:22:11Z,3-4,1,no_tie
2023020224,2024-01-29,ANA,3,17:25,2024-01-29T02:05:55Z,2-3,1,tie_game
2023020225,2024-01-30,SJS,3,19:15,2024-01-30T00:33:44Z,3-4,1,no_tie
2023020226,2024-01-30,SEA,3,18:20,2024-01-30T01:11:55Z,2-3,1,tie_game
2023020227,2024-01-31,VAN,3,17:35,2024-01-31T02:22:11Z,1-2,1,no_tie
2023020228,2024-01-31,CGY,3,19:00,2024-01-31T00:55:22Z,3-4,1,tie_game
2023020229,2024-02-01,ARI,3,18:25,2024-02-01T01:33:44Z,2-3,1,no_tie
2023020230,2024-02-01,NJD,3,17:40,2024-02-01T02:11:55Z,4-5,1,tie_game
2023020231,2024-02-02,BOS,3,19:10,2024-02-02T00:44:44Z,3-4,1,no_tie
2023020232,2024-02-02,OTT,3,18:15,2024-02-02T01:22:11Z,2-3,1,tie_game
2023020233,2024-02-03,BUF,3,17:30,2024-02-03T02:05:55Z,4-5,1,no_tie
2023020234,2024-02-03,MON,3,19:20,2024-02-03T00:33:44Z,3-4,1,tie_game
2023020235,2024-02-04,FLA,3,18:40,2024-02-04T01:11:55Z,3-4,1,no_tie
2023020236,2024-02-04,NYI,3,17:55,2024-02-04T02:22:11Z,2-3,1,tie_game
2023020237,2024-02-05,WSH,3,19:05,2024-02-05T00:55:22Z,4-5,1,no_tie
2023020238,2024-02-05,DET,3,18:10,2024-02-05T01:33:44Z,3-4,1,tie_game
2023020239,2024-02-06,CBJ,3,17:25,2024-02-06T02:11:55Z,2-3,1,no_tie
2023020240,2024-02-06,CHI,3,19:15,2024-02-06T00:44:44Z,4-5,1,tie_game
2023020241,2024-02-07,NSH,3,18:20,2024-02-07T01:22:11Z,3-4,1,no_tie
2023020242,2024-02-07,MIN,3,17:35,2024-02-07T02:05:55Z,2-3,1,tie_game
2023020243,2024-02-08,WPG,3,19:00,2024-02-08T00:33:44Z,3-4,1,no_tie
2023020244,2024-02-08,ANA,3,18:25,2024-02-08T01:11:55Z,2-3,1,tie_game
2023020245,2024-02-09,SJS,3,17:40,2024-02-09T02:22:11Z,1-2,1,no_tie
2023020246,2024-02-09,SEA,3,19:10,2024-02-09T00:55:22Z,3-4,1,tie_game
2023020247,2024-02-10,VAN,3,18:15,2024-02-10T01:33:44Z,2-3,1,no_tie
2023020248,2024-02-10,CGY,3,17:30,2024-02-10T02:11:55Z,4-5,1,tie_game
2023020249,2024-02-11,ARI,3,19:20,2024-02-11T00:33:44Z,3-4,1,no_tie
2023020250,2024-02-11,NJD,3,18:40,2024-02-11T01:22:11Z,2-3,1,tie_game
2023020251,2024-02-12,BOS,3,17:55,2024-02-12T02:05:55Z,1-2,1,no_tie
2023020252,2024-02-12,OTT,3,19:05,2024-02-12T00:44:44Z,3-4,1,tie_game
2023020253,2024-02-13,BUF,3,18:10,2024-02-13T01:11:55Z,3-4,1,no_tie
2023020254,2024-02-13,MON,3,17:25,2024-02-13T02:22:11Z,2-3,1,tie_game
2023020255,2024-02-14,FLA,3,19:15,2024-02-14T00:33:44Z,3-4,1,no_tie
2023020256,2024-02-14,NYI,3,18:20,2024-02-14T01:33:44Z,2-3,1,tie_game
2023020257,2024-02-15,WSH,3,17:35,2024-02-15T02:11:55Z,1-2,1,no_tie
2023020258,2024-02-15,DET,3,19:00,2024-02-15T00:55:22Z,3-4,1,tie_game
2023020259,2024-02-16,CBJ,3,18:25,2024-02-16T01:22:11Z,2-3,1,no_tie
2023020260,2024-02-16,CHI,3,17:40,2024-02-16T02:05:55Z,4-5,1,tie_game
2023020261,2024-02-17,NSH,3,19:10,2024-02-17T00:33:44Z,3-4,1,no_tie
2023020262,2024-02-17,MIN,3,18:15,2024-02-17T01:11:55Z,2-3,1,tie_game
2023020263,2024-02-18,WPG,3,17:30,2024-02-18T02:22:11Z,1-2,1,no_tie
2023020264,2024-02-18,ANA,3,19:20,2024-02-18T00:55:22Z,3-4,1,tie_game
2023020265,2024-02-19,SJS,3,18:40,2024-02-19T01:33:44Z,3-4,1,no_tie
2023020266,2024-02-19,SEA,3,17:55,2024-02-19T02:11:55Z,2-3,1,tie_game
2023020267,2024-02-20,VAN,3,19:05,2024-02-20T00:44:44Z,4-5,1,no_tie
2023020268,2024-02-20,CGY,3,18:10,2024-02-20T01:22:11Z,3-4,1,tie_game
2023020269,2024-02-21,ARI,3,17:25,2024-02-21T02:05:55Z,2-3,1,no_tie
2023020270,2024-02-21,NJD,3,19:15,2024-02-21T00:33:44Z,3-4,1,tie_game
2023020271,2024-02-22,BOS,3,18:20,2024-02-22T01:11:55Z,3-4,1,no_tie
2023020272,2024-02-22,OTT,3,17:35,2024-02-22T02:22:11Z,2-3,1,tie_game
2023020273,2024-02-23,BUF,3,19:00,2024-02-23T00:55:22Z,4-5,1,no_tie
2023020274,2024-02-23,MON,3,18:25,2024-02-23T01:33:44Z,3-4,1,tie_game
2023020275,2024-02-24,FLA,3,17:40,2024-02-24T02:11:55Z,1-2,1,no_tie
2023020276,2024-02-24,NYI,3,19:10,2024-02-24T00:33:44Z,3-4,1,tie_game
2023020277,2024-02-25,WSH,3,18:15,2024-02-25T01:22:11Z,2-3,1,no_tie
2023020278,2024-02-25,DET,3,17:30,2024-02-25T02:05:55Z,4-5,1,tie_game
2023020279,2024-02-26,CBJ,3,19:20,2024-02-26T00:55:22Z,3-4,1,no_tie
2023020280,2024-02-26,CHI,3,18:40,2024-02-26T01:33:44Z,2-3,1,tie_game
2023020281,2024-02-27,NSH,3,17:55,2024-02-27T02:11:55Z,1-2,1,no_tie
2023020282,2024-02-27,MIN,3,19:05,2024-02-27T00:44:44Z,3-4,1,tie_game
2023020283,2024-02-28,WPG,3,18:10,2024-02-28T01:22:11Z,3-4,1,no_tie
2023020284,2024-02-28,ANA,3,17:25,2024-02-28T02:05:55Z,2-3,1,tie_game
2023020285,2024-02-29,SJS,3,19:15,2024-02-29T00:33:44Z,3-4,1,no_tie
2023020286,2024-02-29,SEA,3,18:20,2024-02-29T01:11:55Z,2-3,1,tie_game
2023020287,2024-03-01,VAN,3,17:35,2024-03-01T02:22:11Z,1-2,1,no_tie
2023020288,2024-03-01,CGY,3,19:00,2024-03-01T00:55:22Z,3-4,1,tie_game
2023020289,2024-03-02,ARI,3,18:25,2024-03-02T01:33:44Z,2-3,1,no_tie
2023020290,2024-03-02,NJD,3,17:40,2024-03-02T02:11:55Z,4-5,1,tie_game
2023020291,2024-03-03,BOS,3,19:10,2024-03-03T00:33:44Z,3-4,1,no_tie
2023020292,2024-03-03,OTT,3,18:15,2024-03-03T01:22:11Z,2-3,1,tie_game
2023020293,2024-03-04,BUF,3,17:30,2024-03-04T02:05:55Z,4-5,1,no_tie
2023020294,2024-03-04,MON,3,19:20,2024-03-04T00:55:22Z,3-4,1,tie_game
2023020295,2024-03-05,FLA,3,18:40,2024-03-05T01:33:44Z,3-4,1,no_tie
2023020296,2024-03-05,NYI,3,17:55,2024-03-05T02:11:55Z,2-3,1,tie_game
2023020297,2024-03-06,WSH,3,19:05,2024-03-06T00:44:44Z,4-5,1,no_tie
2023020298,2024-03-06,DET,3,18:10,2024-03-06T01:22:11Z,3-4,1,tie_game
2023020299,2024-03-07,CBJ,3,17:25,2024-03-07T02:05:55Z,2-3,1,no_tie
2023020300,2024-03-07,CHI,3,19:15,2024-03-07T00:33:44Z,4-5,1,tie_game
2023020301,2024-03-08,NSH,3,18:20,2024-03-08T01:11:55Z,3-4,1,no_tie
2023020302,2024-03-08,MIN,3,17:35,2024-03-08T02:22:11Z,2-3,1,tie_game
2023020303,2024-03-09,WPG,3,19:00,2024-03-09T00:55:22Z,3-4,1,no_tie
2023020304,2024-03-09,ANA,3,18:25,2024-03-09T01:33:44Z,2-3,1,tie_game
2023020305,2024-03-10,SJS,3,17:40,2024-03-10T02:11:55Z,1-2,1,no_tie
2023020306,2024-03-10,SEA,3,19:10,2024-03-10T00:33:44Z,3-4,1,tie_game
2023020307,2024-03-11,VAN,3,18:15,2024-03-11T01:22:11Z,2-3,1,no_tie
2023020308,2024-03-11,CGY,3,17:30,2024-03-11T02:05:55Z,4-5,1,tie_game
2023020309,2024-03-12,ARI,3,19:20,2024-03-12T00:55:22Z,3-4,1,no_tie
2023020310,2024-03-12,NJD,3,18:40,2024-03-12T01:33:44Z,2-3,1,tie_game
2023020311,2024-03-13,BOS,3,17:55,2024-03-13T02:11:55Z,1-2,1,no_tie
2023020312,2024-03-13,OTT,3,19:05,2024-03-13T00:33:44Z,3-4,1,tie_game
2023020313,2024-03-14,BUF,3,18:10,2024-03-14T01:11:55Z,3-4,1,no_tie
2023020314,2024-03-14,MON,3,17:25,2024-03-14T02:22:11Z,2-3,1,tie_game
2023020315,2024-03-15,FLA,3,19:15,2024-03-15T00:33:44Z,3-4,1,no_tie
2023020316,2024-03-15,NYI,3,18:20,2024-03-15T01:33:44Z,2-3,1,tie_game
2023020317,2024-03-16,WSH,3,17:35,2024-03-16T02:11:55Z,1-2,1,no_tie
2023020318,2024-03-16,DET,3,19:00,2024-03-16T00:55:22Z,3-4,1,tie_game
2023020319,2024-03-17,CBJ,3,18:25,2024-03-17T01:22:11Z,2-3,1,no_tie
2023020320,2024-03-17,CHI,3,17:40,2024-03-17T02:05:55Z,4-5,1,tie_game
2023020321,2024-03-18,NSH,3,19:10,2024-03-18T00:44:44Z,3-4,1,no_tie
2023020322,2024-03-18,MIN,3,18:15,2024-03-18T01:11:55Z,2-3,1,tie_game
2023020323,2024-03-19,WPG,3,17:30,2024-03-19T02:22:11Z,1-2,1,no_tie
2023020324,2024-03-19,ANA,3,19:00,2024-03-19T00:33:44Z,3-4,1,tie_game
2023020325,2024-03-20,SJS,3,18:25,2024-03-20T01:33:44Z,2-3,1,no_tie
2023020326,2024-03-20,SEA,3,17:40,2024-03-20T02:11:55Z,4-5,1,tie_game
2023020327,2024-03-21,VAN,3,19:15,2024-03-21T00:55:22Z,3-4,1,no_tie
2023020328,2024-03-21,CGY,3,18:20,2024-03-21T01:22:11Z,2-3,1,tie_game
2023020329,2024-03-22,ARI,3,17:35,2024-03-22T02:05:55Z,1-2,1,no_tie
2023020330,2024-03-22,NJD,3,19:05,2024-03-22T00:33:44Z,3-4,1,tie_game
2023020331,2024-03-23,BOS,3,18:10,2024-03-23T01:11:55Z,3-4,1,no_tie
2023020332,2024-03-23,OTT,3,17:25,2024-03-23T02:22:11Z,2-3,1,tie_game
2023020333,2024-03-24,BUF,3,19:00,2024-03-24T00:44:44Z,4-5,1,no_tie
2023020334,2024-03-24,MON,3,18:25,2024-03-24T01:33:44Z,3-4,1,tie_game
2023020335,2024-03-25,FLA,3,17:40,2024-03-25T02:11:55Z,1-2,1,no_tie
2023020336,2024-03-25,NYI,3,19:10,2024-03-25T00:33:44Z,3-4,1,tie_game
2023020337,2024-03-26,WSH,3,18:15,2024-03-26T01:22:11Z,2-3,1,no_tie
2023020338,2024-03-26,DET,3,17:30,2024-03-26T02:05:55Z,4-5,1,tie_game
2023020339,2024-03-27,CBJ,3,19:20,2024-03-27T00:55:22Z,3-4,1,no_tie
2023020340,2024-03-27,CHI,3,18:40,2024-03-27T01:33:44Z,2-3,1,tie_game
2023020341,2024-03-28,NSH,3,17:55,2024-03-28T02:11:55Z,1-2,1,no_tie
2023020342,2024-03-28,MIN,3,19:05,2024-03-28T00:44:44Z,3-4,1,tie_game
2023020343,2024-03-29,WPG,3,18:10,2024-03-29T01:22:11Z,3-4,1,no_tie
2023020344,2024-03-29,ANA,3,17:25,2024-03-29T02:05:55Z,2-3,1,tie_game
2023020345,2024-03-30,SJS,3,19:15,2024-03-30T00:33:44Z,3-4,1,no_tie
2023020346,2024-03-30,SEA,3,18:20,2024-03-30T01:11:55Z,2-3,1,tie_game
2023020347,2024-04-01,VAN,3,17:35,2024-04-01T02:22:11Z,1-2,1,no_tie
2023020348,2024-04-01,CGY,3,19:00,2024-04-01T00:55:22Z,3-4,1,tie_game
2023020349,2024-04-02,ARI,3,18:25,2024-04-02T01:33:44Z,2-3,1,no_tie
2023020350,2024-04-02,NJD,3,17:40,2024-04-02T02:11:55Z,4-5,1,tie_game
2023020351,2024-04-03,BOS,3,19:10,2024-04-03T00:44:44Z,3-4,1,no_tie
2023020352,2024-04-03,OTT,3,18:15,2024-04-03T01:22:11Z,2-3,1,tie_game
2023020353,2024-04-04,BUF,3,17:30,2024-04-04T02:05:55Z,4-5,1,no_tie
2023020354,2024-04-04,MON,3,19:20,2024-04-04T00:33:44Z,3-4,1,tie_game
2023020355,2024-04-05,FLA,3,18:40,2024-04-05T01:11:55Z,3-4,1,no_tie
2023020356,2024-04-05,NYI,3,17:55,2024-04-05T02:22:11Z,2-3,1,tie_game
2023020357,2024-04-06,WSH,3,19:05,2024-04-06T00:55:22Z,4-5,1,no_tie
2023020358,2024-04-06,DET,3,18:10,2024-04-06T01:33:44Z,3-4,1,tie_game
2023020359,2024-04-07,CBJ,3,17:25,2024-04-07T02:11:55Z,2-3,1,no_tie
2023020360,2024-04-07,CHI,3,19:15,2024-04-07T00:44:44Z,4-5,1,tie_game
2023020361,2024-04-08,NSH,3,18:20,2024-04-08T01:22:11Z,3-4,1,no_tie
2023020362,2024-04-08,MIN,3,17:35,2024-04-08T02:05:55Z,2-3,1,tie_game
2023020363,2024-04-09,WPG,3,19:00,2024-04-09T00:33:44Z,3-4,1,no_tie
2023020364,2024-04-09,ANA,3,18:25,2024-04-09T01:11:55Z,2-3,1,tie_game
2023020365,2024-04-10,SJS,3,17:40,2024-04-10T02:22:11Z,1-2,1,no_tie
2023020366,2024-04-10,SEA,3,19:10,2024-04-10T00:33:44Z,3-4,1,tie_game
2023020367,2024-04-11,VAN,3,18:15,2024-04-11T01:33:44Z,2-3,1,no_tie
2023020368,2024-04-11,CGY,3,17:30,2024-04-11T02:11:55Z,4-5,1,tie_game
2023020369,2024-04-12,ARI,3,19:20,2024-04-12T00:55:22Z,3-4,1,no_tie
2023020370,2024-04-12,NJD,3,18:40,2024-04-12T01:22:11Z,2-3,1,tie_game
2023020371,2024-04-13,BOS,3,17:55,2024-04-13T02:05:55Z,1-2,1,no_tie
2023020372,2024-04-13,OTT,3,19:05,2024-04-13T00:33:44Z,3-4,1,tie_game
2023020373,2024-04-14,BUF,3,18:10,2024-04-14T01:11:55Z,3-4,1,no_tie
2023020374,2024-04-14,MON,3,17:25,2024-04-14T02:22:11Z,2-3,1,tie_game
2023020375,2024-04-15,FLA,3,19:15,2024-04-15T00:33:44Z,3-4,1,no_tie
2023020376,2024-04-15,NYI,3,18:20,2024-04-15T01:33:44Z,2-3,1,tie_game
2023020377,2024-04-16,WSH,3,17:35,2024-04-16T02:11:55Z,1-2,1,no_tie
2023020378,2024-04-16,DET,3,19:00,2024-04-16T00:55:22Z,3-4,1,tie_game
2023020379,2024-04-17,CBJ,3,18:25,2024-04-17T01:33:44Z,2-3,1,no_tie
2023020380,2024-04-17,CHI,3,17:40,2024-04-17T02:05:55Z,4-5,1,tie_game
2023020381,2024-04-18,NSH,3,19:10,2024-04-18T00:44:44Z,3-4,1,no_tie
2023020382,2024-04-18,MIN,3,18:15,2024-04-18T01:22:11Z,2-3,1,tie_game
2023020383,2024-04-19,WPG,3,17:30,2024-04-19T02:05:55Z,1-2,1,no_tie
2023020384,2024-04-19,ANA,3,19:00,2024-04-19T00:33:44Z,3-4,1,tie_game
2023020385,2024-04-20,SJS,3,18:25,2024-04-20T01:11:55Z,2-3,1,no_tie
2023020386,2024-04-20,SEA,3,17:40,2024-04-20T02:22:11Z,4-5,1,tie_game
2023020387,2024-04-21,VAN,3,19:15,2024-04-21T00:55:22Z,3-4,1,no_tie
2023020388,2024-04-21,CGY,3,18:20,2024-04-21T01:33:44Z,2-3,1,tie_game
2023020389,2024-04-22,ARI,3,17:35,2024-04-22T02:11:55Z,1-2,1,no_tie
2023020390,2024-04-22,NJD,3,19:05,2024-04-22T00:44:44Z,3-4,1,tie_game
2023020391,2024-04-23,BOS,3,18:10,2024-04-23T01:22:11Z,3-4,1,no_tie
2023020392,2024-04-23,OTT,3,17:25,2024-04-23T02:05:55Z,2-3,1,tie_game
2023020393,2024-04-24,BUF,3,19:00,2024-04-24T00:33:44Z,4-5,1,no_tie
2023020394,2024-04-24,MON,3,18:25,2024-04-24T01:11:55Z,3-4,1,tie_game
2023020395,2024-04-25,FLA,3,17:40,2024-04-25T02:22:11Z,1-2,1,no_tie
2023020396,2024-04-25,NYI,3,19:10,2024-04-25T00:33:44Z,3-4,1,tie_game
2023020397,2024-04-26,WSH,3,18:15,2024-04-26T01:33:44Z,2-3,1,no_tie
2023020398,2024-04-26,DET,3,17:30,2024-04-26T02:11:55Z,4-5,1,tie_game
2023020399,2024-04-27,CBJ,3,19:20,2024-04-27T00:55:22Z,3-4,1,no_tie
2023020400,2024-04-27,CHI,3,18:40,2024-04-27T01:22:11Z,2-3,1,tie_game
2023020401,2024-04-28,NSH,3,17:55,2024-04-28T02:05:55Z,1-2,1,no_tie
2023020402,2024-04-28,MIN,3,19:05,2024-04-28T00:44:44Z,3-4,1,tie_game
2023020403,2024-04-29,WPG,3,18:10,2024-04-29T01:11:55Z,3-4,1,no_tie
2023020404,2024-04-29,ANA,3,17:25,2024-04-29T02:22:11Z,2-3,1,tie_game
2023020405,2024-04-30,SJS,3,19:15,2024-04-30T00:33:44Z,3-4,1,no_tie
2023020406,2024-04-30,SEA,3,18:20,2024-04-30T01:33:44Z,2-3,1,tie_game
2023020407,2024-05-01,VAN,3,17:35,2024-05-01T02:05:55Z,1-2,1,no_tie
2023020408,2024-05-01,CGY,3,19:00,2024-05-01T00:55:22Z,3-4,1,tie_game
2023020409,2024-05-02,ARI,3,18:25,2024-05-02T01:22:11Z,2-3,1,no_tie
2023020410,2024-05-02,NJD,3,17:40,2024-05-02T02:11:55Z,4-5,1,tie_game
2023020411,2024-05-03,BOS,3,19:10,2024-05-03T00:33:44Z,3-4,1,no_tie
2023020412,2024-05-03,OTT,3,18:15,2024-05-03T01:11:55Z,2-3,1,tie_game
2023020413,2024-05-04,BUF,3,17:30,2024-05-04T02:22:11Z,4-5,1,no_tie
2023020414,2024-05-04,MON,3,19:20,2024-05-04T00:55:22Z,3-4,1,tie_game
2023020415,2024-05-05,FLA,3,18:40,2024-05-05T01:33:44Z,3-4,1,no_tie
2023020416,2024-05-05,NYI,3,17:55,2024-05-05T02:05:55Z,2-3,1,tie_game
2023020417,2024-05-06,WSH,3,19:05,2024-05-06T00:44:44Z,4-5,1,no_tie
2023020418,2024-05-06,DET,3,18:10,2024-05-06T01:22:11Z,3-4,1,tie_game
2023020419,2024-05-07,CBJ,3,17:25,2024-05-07T02:11:55Z,2-3,1,no_tie
2023020420,2024-05-07,CHI,3,19:15,2024-05-07T00:33:44Z,4-5,1,tie_game
2023020421,2024-05-08,NSH,3,18:20,2024-05-08T01:11:55Z,3-4,1,no_tie
2023020422,2024-05-08,MIN,3,17:35,2024-05-08T02:05:55Z,2-3,1,tie_game
2023020423,2024-05-09,WPG,3,19:00,2024-05-09T00:55:22Z,3-4,1,no_tie
2023020424,2024-05-09,ANA,3,18:25,2024-05-09T01:33:44Z,2-3,1,tie_game
2023020425,2024-05-10,SJS,3,17:40,2024-05-10T02:22:11Z,1-2,1,no_tie
2023020426,2024-05-10,SEA,3,19:10,2024-05-10T00:33:44Z,3-4,1,tie_game
2023020427,2024-05-11,VAN,3,18:15,2024-05-11T01:22:11Z,2-3,1,no_tie
2023020428,2024-05-11,CGY,3,17:30,2024-05-11T02:05:55Z,4-5,1,tie_game
2023020429,2024-05-12,ARI,3,19:20,2024-05-12T00:55:22Z,3-4,1,no_tie
2023020430,2024-05-12,NJD,3,18:40,2024-05-12T01:33:44Z,2-3,1,tie_game
2023020431,2024-05-13,BOS,3,17:55,2024-05-13T02:11:55Z,1-2,1,no_tie
2023020432,2024-05-13,OTT,3,19:05,2024-05-13T00:44:44Z,3-4,1,tie_game
2023020433,2024-05-14,BUF,3,18:10,2024-05-14T01:11:55Z,3-4,1,no_tie
2023020434,2024-05-14,MON,3,17:25,2024-05-14T02:22:11Z,2-3,1,tie_game
2023020435,2024-05-15,FLA,3,19:15,2024-05-15T00:33:44Z,3-4,1,no_tie
2023020436,2024-05-15,NYI,3,18:20,2024-05-15T01:33:44Z,2-3,1,tie_game
2023020437,2024-05-16,WSH,3,17:35,2024-05-16T02:11:55Z,1-2,1,no_tie
2023020438,2024-05-16,DET,3,19:00,2024-05-16T00:55:22Z,3-4,1,tie_game
2023020439,2024-05-17,CBJ,3,18:25,2024-05-17T01:22:11Z,2-3,1,no_tie
2023020440,2024-05-17,CHI,3,17:40,2024-05-17T02:05:55Z,4-5,1,tie_game
2023020441,2024-05-18,NSH,3,19:10,2024-05-18T00:33:44Z,3-4,1,no_tie
2023020442,2024-05-18,MIN,3,18:15,2024-05-18T01:11:55Z,2-3,1,tie_game
2023020443,2024-05-19,WPG,3,17:30,2024-05-19T02:22:11Z,1-2,1,no_tie
2023020444,2024-05-19,ANA,3,19:00,2024-05-19T00:55:22Z,3-4,1,tie_game
2023020445,2024-05-20,SJS,3,18:25,2024-05-20T01:33:44Z,2-3,1,no_tie
2023020446,2024-05-20,SEA,3,17:40,2024-05-20T02:11:55Z,4-5,1,tie_game
2023020447,2024-05-21,VAN,3,19:15,2024-05-21T00:44:44Z,3-4,1,no_tie
2023020448,2024-05-21,CGY,3,18:20,2024-05-21T01:22:11Z,2-3,1,tie_game
2023020449,2024-05-22,ARI,3,17:35,2024-05-22T02:05:55Z,1-2,1,no_tie
2023020450,2024-05-22,NJD,3,19:05,2024-05-22T00:33:44Z,3-4,1,tie_game
2023020451,2024-05-23,BOS,3,18:10,2024-05-23T01:11:55Z,3-4,1,no_tie
2023020452,2024-05-23,OTT,3,17:25,2024-05-23T02:22:11Z,2-3,1,tie_game
2023020453,2024-05-24,BUF,3,19:00,2024-05-24T00:55:22Z,4-5,1,no_tie
2023020454,2024-05-24,MON,3,18:25,2024-05-24T01:33:44Z,3-4,1,tie_game
2023020455,2024-05-25,FLA,3,17:40,2024-05-25T02:11:55Z,1-2,1,no_tie
2023020456,2024-05-25,NYI,3,19:10,2024-05-25T00:33:44Z,3-4,1,tie_game
2023020457,2024-05-26,WSH,3,18:15,2024-05-26T01:22:11Z,2-3,1,no_tie
2023020458,2024-05-26,DET,3,17:30,2024-05-26T02:05:55Z,4-5,1,tie_game
2023020459,2024-05-27,CBJ,3,19:20,2024-05-27T00:55:22Z,3-4,1,no_tie
2023020460,2024-05-27,CHI,3,18:40,2024-05-27T01:33:44Z,2-3,1,tie_game
2023020461,2024-05-28,NSH,3,17:55,2024-05-28T02:11:55Z,1-2,1,no_tie
2023020462,2024-05-28,MIN,3,19:05,2024-05-28T00:44:44Z,3-4,1,tie_game
2023020463,2024-05-29,WPG,3,18:10,2024-05-29T01:22:11Z,3-4,1,no_tie
2023020464,2024-05-29,ANA,3,17:25,2024-05-29T02:05:55Z,2-3,1,tie_game
2023020465,2024-05-30,SJS,3,19:15,2024-05-30T00:33:44Z,3-4,1,no_tie
2023020466,2024-05-30,SEA,3,18:20,2024-05-30T01:11:55Z,2-3,1,tie_game
2023020467,2024-05-31,VAN,3,17:35,2024-05-31T02:22:11Z,1-2,1,no_tie
2023020468,2024-05-31,CGY,3,19:00,2024-05-31T00:55:22Z,3-4,1,tie_game
2023020469,2024-06-01,ARI,3,18:25,2024-06-01T01:33:44Z,2-3,1,no_tie
2023020470,2024-06-01,NJD,3,17:40,2024-06-01T02:11:55Z,4-5,1,tie_game
2023020471,2024-06-02,BOS,3,19:10,2024-06-02T00:44:44Z,3-4,1,no_tie
2023020472,2024-06-02,OTT,3,18:15,2024-06-02T01:22:11Z,2-3,1,tie_game
2023020473,2024-06-03,BUF,3,17:30,2024-06-03T02:05:55Z,4-5,1,no_tie
2023020474,2024-06-03,MON,3,19:20,2024-06-03T00:33:44Z,3-4,1,tie_game
2023020475,2024-06-04,FLA,3,18:40,2024-06-04T01:11:55Z,3-4,1,no_tie
2023020476,2024-06-04,NYI,3,17:55,2024-06-04T02:22:11Z,2-3,1,tie_game
2023020477,2024-06-05,WSH,3,19:05,2024-06-05T00:55:22Z,4-5,1,no_tie
2023020478,2024-06-05,DET,3,18:10,2024-06-05T01:33:44Z,3-4,1,tie_game
2023020479,2024-06-06,CBJ,3,17:25,2024-06-06T02:11:55Z,2-3,1,no_tie
2023020480,2024-06-06,CHI,3,19:15,2024-06-06T00:33:44Z,4-5,1,tie_game
2023020481,2024-06-07,NSH,3,18:20,2024-06-07T01:11:55Z,3-4,1,no_tie
2023020482,2024-06-07,MIN,3,17:35,2024-06-07T02:05:55Z,2-3,1,tie_game
2023020483,2024-06-08,WPG,3,19:00,2024-06-08T00:55:22Z,3-4,1,no_tie
2023020484,2024-06-08,ANA,3,18:25,2024-06-08T01:33:44Z,2-3,1,tie_game
2023020485,2024-06-09,SJS,3,17:40,2024-06-09T02:22:11Z,1-2,1,no_tie
2023020486,2024-06-09,SEA,3,19:10,2024-06-09T00:33:44Z,3-4,1,tie_game
2023020487,2024-06-10,VAN,3,18:15,2024-06-10T01:33:44Z,2-3,1,no_tie
2023020488,2024-06-10,CGY,3,17:30,2024-06-10T02:11:55Z,4-5,1,tie_game
2023020489,2024-06-11,ARI,3,19:20,2024-06-11T00:55:22Z,3-4,1,no_tie
2023020490,2024-06-11,NJD,3,18:40,2024-06-11T01:22:11Z,2-3,1,tie_game
2023020491,2024-06-12,BOS,3,17:55,2024-06-12T02:05:55Z,1-2,1,no_tie
2023020492,2024-06-12,OTT,3,19:05,2024-06-12T00:33:44Z,3-4,1,tie_game
2023020493,2024-06-13,BUF,3,18:10,2024-06-13T01:11:55Z,3-4,1,no_tie
2023020494,2024-06-13,MON,3,17:25,2024-06-13T02:22:11Z,2-3,1,tie_game
2023020495,2024-06-14,FLA,3,19:15,2024-06-14T00:33:44Z,3-4,1,no_tie
2023020496,2024-06-14,NYI,3,18:20,2024-06-14T01:33:44Z,2-3,1,tie_game
2023020497,2024-06-15,WSH,3,17:35,2024-06-15T02:11:55Z,1-2,1,no_tie
2023020498,2024-06-15,DET,3,19:00,2024-06-15T00:55:22Z,3-4,1,tie_game
2023020499,2024-06-16,CBJ,3,18:25,2024-06-16T01:22:11Z,2-3,1,no_tie
2023020500,2024-06-16,CHI,3,17:40,2024-06-16T02:05:55Z,4-5,1,tie_game
2023020501,2024-06-17,NSH,3,19:10,2024-06-17T00:33:44Z,3-4,1,no_tie
2023020502,2024-06-17,MIN,3,18:15,2024-06-17T01:11:55Z,2-3,1,tie_game
2023020503,2024-06-18,WPG,3,17:30,2024-06-18T02:22:11Z,1-2,1,no_tie
2023020504,2024-06-18,ANA,3,19:00,2024-06-18T00:55:22Z,3-4,1,tie_game
2023020505,2024-06-19,SJS,3,18:25,2024-06-19T01:33:44Z,2-3,1,no_tie
2023020506,2024-06-19,SEA,3,17:40,2024-06-19T02:11:55Z,4-5,1,tie_game
2023020507,2024-06-20,VAN,3,19:15,2024-06-20T00:44:44Z,3-4,1,no_tie
2023020508,2024-06-20,CGY,3,18:20,2024-06-20T01:22:11Z,2-3,1,tie_game
2023020509,2024-06-21,ARI,3,17:35,2024-06-21T02:05:55Z,1-2,1,no_tie
2023020510,2024-06-21,NJD,3,19:05,2024-06-21T00:33:44Z,3-4,1,tie_game
2023020511,2024-06-22,BOS,3,18:10,2024-06-22T01:11:55Z,3-4,1,no_tie
2023020512,2024-06-22,OTT,3,17:25,2024-06-22T02:22:11Z,2-3,1,tie_game
2023020513,2024-06-23,BUF,3,19:00,2024-06-23T00:55:22Z,4-5,1,no_tie
2023020514,2024-06-23,MON,3,18:25,2024-06-23T01:33:44Z,3-4,1,tie_game
2023020515,2024-06-24,FLA,3,17:40,2024-06-24T02:11:55Z,1-2,1,no_tie
2023020516,2024-06-24,NYI,3,19:10,2024-06-24T00:33:44Z,3-4,1,tie_game
2023020517,2024-06-25,WSH,3,18:15,2024-06-25T01:22:11Z,2-3,1,no_tie
2023020518,2024-06-25,DET,3,17:30,2024-06-25T02:05:55Z,4-5,1,tie_game
2023020519,2024-06-26,CBJ,3,19:20,2024-06-26T00:55:22Z,3-4,1,no_tie
2023020520,2024-06-26,CHI,3,18:40,2024-06-26T01:33:44Z,2-3,1,tie_game
2023020521,2024-06-27,NSH,3,17:55,2024-06-27T02:11:55Z,1-2,1,no_tie
2023020522,2024-06-27,MIN,3,19:05,2024-06-27T00:44:44Z,3-4,1,tie_game
2023020523,2024-06-28,WPG,3,18:10,2024-06-28T01:22:11Z,3-4,1,no_tie
2023020524,2024-06-28,ANA,3,17:25,2024-06-28T02:05:55Z,2-3,1,tie_game
2023020525,2024-06-29,SJS,3,19:15,2024-06-29T00:33:44Z,3-4,1,no_tie
2023020526,2024-06-29,SEA,3,18:20,2024-06-29T01:11:55Z,2-3,1,tie_game
2023020527,2024-06-30,VAN,3,17:35,2024-06-30T02:22:11Z,1-2,1,no_tie
2023020528,2024-06-30,CGY,3,19:00,2024-06-30T00:55:22Z,3-4,1,tie_game
2023020529,2024-07-01,ARI,3,18:25,2024-07-01T01:33:44Z,2-3,1,no_tie
2023020530,2024-07-01,NJD,3,17:40,2024-07-01T02:11:55Z,4-5,1,tie_game
2023020531,2024-07-02,BOS,3,19:10,2024-07-02T00:44:44Z,3-4,1,no_tie
2023020532,2024-07-02,OTT,3,18:15,2024-07-02T01:22:11Z,2-3,1,tie_game
2023020533,2024-07-03,BUF,3,17:30,2024-07-03T02:05:55Z,4-5,1,no_tie
2023020534,2024-07-03,MON,3,19:20,2024-07-03T00:33:44Z,3-4,1,tie_game
2023020535,2024-07-04,FLA,3,18:40,2024-07-04T01:11:55Z,3-4,1,no_tie
2023020536,2024-07-04,NYI,3,17:55,2024-07-04T02:22:11Z,2-3,1,tie_game
2023020537,2024-07-05,WSH,3,19:05,2024-07-05T00:55:22Z,4-5,1,no_tie
2023020538,2024-07-05,DET,3,18:10,2024-07-05T01:33:44Z,3-4,1,tie_game
2023020539,2024-07-06,CBJ,3,17:25,2024-07-06T02:11:55Z,2-3,1,no_tie
2023020540,2024-07-06,CHI,3,19:15,2024-07-06T00:33:44Z,4-5,1,tie_game
2023020541,2024-07-07,NSH,3,18:20,2024-07-07T01:11:55Z,3-4,1,no_tie
2023020542,2024-07-07,MIN,3,17:35,2024-07-07T02:05:55Z,2-3,1,tie_game
2023020543,2024-07-08,WPG,3,19:00,2024-07-08T00:55:22Z,3-4,1,no_tie
2023020544,2024-07-08,ANA,3,18:25,2024-07-08T01:33:44Z,2-3,1,tie_game
2023020545,2024-07-09,SJS,3,17:40,2024-07-09T02:22:11Z,1-2,1,no_tie
2023020546,2024-07-09,SEA,3,19:10,2024-07-09T00:33:44Z,3-4,1,tie_game
2023020547,2024-07-10,VAN,3,18:15,2024-07-10T01:33:44Z,2-3,1,no_tie
2023020548,2024-07-10,CGY,3,17:30,2024-07-10T02:11:55Z,4-5,1,tie_game
2023020549,2024-07-11,ARI,3,19:20,2024-07-11T00:55:22Z,3-4,1,no_tie
2023020550,2024-07-11,NJD,3,18:40,2024-07-11T01:22:11Z,2-3,1,tie_game
2023020551,2024-07-12,BOS,3,17:55,2024-07-12T02:05:55Z,1-2,1,no_tie
2023020552,2024-07-12,OTT,3,19:05,2024-07-12T00:33:44Z,3-4,1,tie_game
2023020553,2024-07-13,BUF,3,18:10,2024-07-13T01:11:55Z,3-4,1,no_tie
2023020554,2024-07-13,MON,3,17:25,2024-07-13T02:22:11Z,2-3,1,tie_game
2023020555,2024-07-14,FLA,3,19:15,2024-07-14T00:33:44Z,3-4,1,no_tie
2023020556,2024-07-14,NYI,3,18:20,2024-07-14T01:33:44Z,2-3,1,tie_game
2023020557,2024-07-15,WSH,3,17:35,2024-07-15T02:11:55Z,1-2,1,no_tie
2023020558,2024-07-15,DET,3,19:00,2024-07-15T00:55:22Z,3-4,1,tie_game
2023020559,2024-07-16,CBJ,3,18:25,2024-07-16T01:22:11Z,2-3,1,no_tie
2023020560,2024-07-16,CHI,3,17:40,2024-07-16T02:05:55Z,4-5,1,tie_game
2023020561,2024-07-17,NSH,3,19:10,2024-07-17T00:33:44Z,3-4,1,no_tie
2023020562,2024-07-17,MIN,3,18:15,2024-07-17T01:11:55Z,2-3,1,tie_game
2023020563,2024-07-18,WPG,3,17:30,2024-07-18T02:22:11Z,1-2,1,no_tie
2023020564,2024-07-18,ANA,3,19:00,2024-07-18T00:55:22Z,3-4,1,tie_game
2023020565,2024-07-19,SJS,3,18:25,2024-07-19T01:33:44Z,2-3,1,no_tie
2023020566,2024-07-19,SEA,3,17:40,2024-07-19T02:11:55Z,4-5,1,tie_game
2023020567,2024-07-20,VAN,3,19:15,2024-07-20T00:44:44Z,3-4,1,no_tie
2023020568,2024-07-20,CGY,3,18:20,2024-07-20T01:22:11Z,2-3,1,tie_game
2023020569,2024-07-21,ARI,3,17:35,2024-07-21T02:05:55Z,1-2,1,no_tie
2023020570,2024-07-21,NJD,3,19:05,2024-07-21T00:33:44Z,3-4,1,tie_game
2023020571,2024-07-22,BOS,3,18:10,2024-07-22T01:11:55Z,3-4,1,no_tie
2023020572,2024-07-22,OTT,3,17:25,2024-07-22T02:22:11Z,2-3,1,tie_game
2023020573,2024-07-23,BUF,3,19:00,2024-07-23T00:55:22Z,4-5,1,no_tie
2023020574,2024-07-23,MON,3,18:25,2024-07-23T01:33:44Z,3-4,1,tie_game
2023020575,2024-07-24,FLA,3,17:40,2024-07-24T02:11:55Z,1-2,1,no_tie
2023020576,2024-07-24,NYI,3,19:10,2024-07-24T00:33:44Z,3-4,1,tie_game
2023020577,2024-07-25,WSH,3,18:15,2024-07-25T01:22:11Z,2-3,1,no_tie
2023020578,2024-07-25,DET,3,17:30,2024-07-25T02:05:55Z,4-5,1,tie_game
2023020579,2024-07-26,CBJ,3,19:20,2024-07-26T00:55:22Z,3-4,1,no_tie
2023020580,2024-07-26,CHI,3,18:40,2024-07-26T01:33:44Z,2-3,1,tie_game
2023020581,2024-07-27,NSH,3,17:55,2024-07-27T02:11:55Z,1-2,1,no_tie
2023020582,2024-07-27,MIN,3,19:05,2024-07-27T00:44:44Z,3-4,1,tie_game
2023020583,2024-07-28,WPG,3,18:10,2024-07-28T01:22:11Z,3-4,1,no_tie
2023020584,2024-07-28,ANA,3,17:25,2024-07-28T02:05:55Z,2-3,1,tie_game
2023020585,2024-07-29,SJS,3,19:15,2024-07-29T00:33:44Z,3-4,1,no_tie
2023020586,2024-07-29,SEA,3,18:20,2024-07-29T01:11:55Z,2-3,1,tie_game
2023020587,2024-07-30,VAN,3,17:35,2024-07-30T02:22:11Z,1-2,1,no_tie
2023020588,2024-07-30,CGY,3,19:00,2024-07-30T00:55:22Z,3-4,1,tie_game
2023020589,2024-07-31,ARI,3,18:25,2024-07-31T01:33:44Z,2-3,1,no_tie
2023020590,2024-07-31,NJD,3,17:40,2024-07-31T02:11:55Z,4-5,1,tie_game
2023020591,2024-08-01,BOS,3,19:10,2024-08-01T00:44:44Z,3-4,1,no_tie
2023020592,2024-08-01,OTT,3,18:15,2024-08-01T01:22:11Z,2-3,1,tie_game
2023020593,2024-08-02,BUF,3,17:30,2024-08-02T02:05:55Z,4-5,1,no_tie
2023020594,2024-08-02,MON,3,19:20,2024-08-02T00:33:44Z,3-4,1,tie_game
2023020595,2024-08-03,FLA,3,18:40,2024-08-03T01:11:55Z,3-4,1,no_tie
2023020596,2024-08-03,NYI,3,17:55,2024-08-03T02:22:11Z,2-3,1,tie_game
2023020597,2024-08-04,WSH,3,19:05,2024-08-04T00:55:22Z,4-5,1,no_tie
2023020598,2024-08-04,DET,3,18:10,2024-08-04T01:33:44Z,3-4,1,tie_game
2023020599,2024-08-05,CBJ,3,17:25,2024-08-05T02:11:55Z,2-3,1,no_tie
2023020600,2024-08-05,CHI,3,19:15,2024-08-05T00:33:44Z,4-5,1,tie_game
2023020601,2024-08-06,NSH,3,18:20,2024-08-06T01:11:55Z,3-4,1,no_tie
2023020602,2024-08-06,MIN,3,17:35,2024-08-06T02:05:55Z,2-3,1,tie_game
2023020603,2024-08-07,WPG,3,19:00,2024-08-07T00:55:22Z,3-4,1,no_tie
2023020604,2024-08-07,ANA,3,18:25,2024-08-07T01:33:44Z,2-3,1,tie_game
2023020605,2024-08-08,SJS,3,17:40,2024-08-08T02:22:11Z,1-2,1,no_tie
2023020606,2024-08-08,SEA,3,19:10,2024-08-08T00:33:44Z,3-4,1,tie_game
2023020607,2024-08-09,VAN,3,18:15,2024-08-09T01:33:44Z,2-3,1,no_tie
2023020608,2024-08-09,CGY,3,17:30,2024-08-09T02:11:55Z,4-5,1,tie_game
2023020609,2024-08-10,ARI,3,19:20,2024-08-10T00:55:22Z,3-4,1,no_tie
2023020610,2024-08-10,NJD,3,18:40,202