season,home_team,away_team,home_adj_em,away_adj_em,home_off_eff,away_off_eff,home_def_eff,away_def_eff,home_tempo,away_tempo,actual_total
2023,Connecticut 4,Houston 1,29.86,27.72,120.8,118.1,90.9,90.4,66.6,63.5,164.55661359537362
2023,Connecticut 4,UCLA 2,29.86,27.29,120.8,115.2,90.9,88.0,66.6,66.1,161.89091875943635
2023,Connecticut 4,Alabama 1,29.86,27.28,120.8,115.5,90.9,88.2,66.6,72.6,156.62792189218257
2023,Connecticut 4,Texas 2,29.86,24.43,120.8,116.5,90.9,92.1,66.6,68.8,147.37965219085447
2023,Connecticut 4,Tennessee 4,29.86,23.8,120.8,111.3,90.9,87.5,66.6,65.1,164.0239148877921
2023,Connecticut 4,Purdue 1,29.86,23.24,120.8,117.7,90.9,94.5,66.6,64.2,151.93619192326625
2023,Connecticut 4,Gonzaga 3,29.86,23.02,120.8,122.3,90.9,99.3,66.6,70.3,179.39124446795543
2023,Connecticut 4,Kansas 1,29.86,22.85,120.8,114.6,90.9,91.8,66.6,69.2,161.19067523504697
2023,Connecticut 4,Marquette 2,29.86,22.38,120.8,119.1,90.9,96.7,66.6,68.1,162.29761978829885
2023,UCLA 2,Alabama 1,27.29,27.28,115.2,115.5,88.0,88.2,66.1,72.6,145.52690717011478
2023,UCLA 2,Texas 2,27.29,24.43,115.2,116.5,88.0,92.1,66.1,68.8,145.9450147432527
2023,UCLA 2,Tennessee 4,27.29,23.8,115.2,111.3,88.0,87.5,66.1,65.1,144.20902586027148
2023,UCLA 2,Purdue 1,27.29,23.24,115.2,117.7,88.0,94.5,66.1,64.2,163.88258134348732
2023,UCLA 2,Gonzaga 3,27.29,23.02,115.2,122.3,88.0,99.3,66.1,70.3,160.96569269126343
2023,UCLA 2,Kansas 1,27.29,22.85,115.2,114.6,88.0,91.8,66.1,69.2,162.79411417779738
2023,UCLA 2,Marquette 2,27.29,22.38,115.2,119.1,88.0,96.7,66.1,68.1,154.22414242122014
2023,UCLA 2,Arizona 2,27.29,21.9,115.2,118.2,88.0,96.3,66.1,72.0,156.3410053568107
2023,UCLA 2,Creighton 6,27.29,21.83,115.2,115.0,88.0,93.2,66.1,67.8,165.96217935838158
2023,Texas 2,Tennessee 4,24.43,23.8,116.5,111.3,92.1,87.5,68.8,65.1,154.85900518614665
2023,Texas 2,Purdue 1,24.43,23.24,116.5,117.7,92.1,94.5,68.8,64.2,141.630036543101
2023,Texas 2,Gonzaga 3,24.43,23.02,116.5,122.3,92.1,99.3,68.8,70.3,151.17508587203884
2023,Texas 2,Kansas 1,24.43,22.85,116.5,114.6,92.1,91.8,68.8,69.2,154.55429416347204
2023,Texas 2,Marquette 2,24.43,22.38,116.5,119.1,92.1,96.7,68.8,68.1,156.25839234118578
2023,Texas 2,Arizona 2,24.43,21.9,116.5,118.2,92.1,96.3,68.8,72.0,164.99494438280993
2023,Texas 2,Creighton 6,24.43,21.83,116.5,115.0,92.1,93.2,68.8,67.8,145.99578831498263
2023,Texas 2,Saint Mary's 5,24.43,21.24,116.5,112.6,92.1,91.4,68.8,61.6,137.5248933502246
2023,Texas 2,San Diego St. 5,24.43,20.34,116.5,110.8,92.1,90.4,68.8,65.7,163.4916092929517
2023,Purdue 1,Gonzaga 3,23.24,23.02,117.7,122.3,94.5,99.3,64.2,70.3,172.63028784061237
2023,Purdue 1,Kansas 1,23.24,22.85,117.7,114.6,94.5,91.8,64.2,69.2,158.84852110473912
2023,Purdue 1,Marquette 2,23.24,22.38,117.7,119.1,94.5,96.7,64.2,68.1,163.04731705519325
2023,Purdue 1,Arizona 2,23.24,21.9,117.7,118.2,94.5,96.3,64.2,72.0,153.8581828028361
2023,Purdue 1,Creighton 6,23.24,21.83,117.7,115.0,94.5,93.2,64.2,67.8,150.31684253296072
2023,Purdue 1,Saint Mary's 5,23.24,21.24,117.7,112.6,94.5,91.4,64.2,61.6,137.79365161101273
2023,Purdue 1,San Diego St. 5,23.24,20.34,117.7,110.8,94.5,90.4,64.2,65.7,141.08405981369523
2023,Purdue 1,Xavier 3,23.24,19.95,117.7,118.5,94.5,98.6,64.2,70.5,144.6619306103095
2023,Purdue 1,Baylor 3,23.24,19.68,117.7,121.3,94.5,101.6,64.2,66.5,143.2802871987404
2023,Kansas 1,Marquette 2,22.85,22.38,114.6,119.1,91.8,96.7,69.2,68.1,162.3137622426574
2023,Kansas 1,Arizona 2,22.85,21.9,114.6,118.2,91.8,96.3,69.2,72.0,176.44371145563818
2023,Kansas 1,Creighton 6,22.85,21.83,114.6,115.0,91.8,93.2,69.2,67.8,157.8990240282348
2023,Kansas 1,Saint Mary's 5,22.85,21.24,114.6,112.6,91.8,91.4,69.2,61.6,149.60747167435062
2023,Kansas 1,San Diego St. 5,22.85,20.34,114.6,110.8,91.8,90.4,69.2,65.7,147.52723962293814
2023,Kansas 1,Xavier 3,22.85,19.95,114.6,118.5,91.8,98.6,69.2,70.5,176.27573345899725
2023,Kansas 1,Baylor 3,22.85,19.68,114.6,121.3,91.8,101.6,69.2,66.5,154.44466300816268
2023,Kansas 1,Florida Atlantic 9,22.85,19.38,114.6,115.1,91.8,95.7,69.2,67.6,148.5352420326037
2023,Kansas 1,Duke 5,22.85,19.35,114.6,113.2,91.8,93.9,69.2,64.9,140.67079316524848
2023,Arizona 2,Creighton 6,21.9,21.83,118.2,115.0,96.3,93.2,72.0,67.8,150.77347776182296
2023,Arizona 2,Saint Mary's 5,21.9,21.24,118.2,112.6,96.3,91.4,72.0,61.6,163.5743606837634
2023,Arizona 2,San Diego St. 5,21.9,20.34,118.2,110.8,96.3,90.4,72.0,65.7,151.431261936759
2023,Arizona 2,Xavier 3,21.9,19.95,118.2,118.5,96.3,98.6,72.0,70.5,183.5637543455918
2023,Arizona 2,Baylor 3,21.9,19.68,118.2,121.3,96.3,101.6,72.0,66.5,156.50895713928844
2023,Arizona 2,Florida Atlantic 9,21.9,19.38,118.2,115.1,96.3,95.7,72.0,67.6,153.20683302151076
2023,Arizona 2,Duke 5,21.9,19.35,118.2,113.2,96.3,93.9,72.0,64.9,164.10410803637916
2023,Arizona 2,West Virginia 9,21.9,18.82,118.2,116.9,96.3,98.1,72.0,68.5,161.15979658562685
2023,Arizona 2,Memphis 8,21.9,18.53,118.2,114.6,96.3,96.1,72.0,71.1,154.08870903111404
2023,Saint Mary's 5,San Diego St. 5,21.24,20.34,112.6,110.8,91.4,90.4,61.6,65.7,142.39960023488797
2023,Saint Mary's 5,Xavier 3,21.24,19.95,112.6,118.5,91.4,98.6,61.6,70.5,160.94944351223654
2023,Saint Mary's 5,Baylor 3,21.24,19.68,112.6,121.3,91.4,101.6,61.6,66.5,151.99282668682199
2023,Saint Mary's 5,Florida Atlantic 9,21.24,19.38,112.6,115.1,91.4,95.7,61.6,67.6,147.57097535534615
2023,Saint Mary's 5,Duke 5,21.24,19.35,112.6,113.2,91.4,93.9,61.6,64.9,152.870637030554
2023,Saint Mary's 5,West Virginia 9,21.24,18.82,112.6,116.9,91.4,98.1,61.6,68.5,140.95059909953207
2023,Saint Mary's 5,Memphis 8,21.24,18.53,112.6,114.6,91.4,96.1,61.6,71.1,160.33728763455827
2023,Saint Mary's 5,Kansas St. 3,21.24,18.51,112.6,113.5,91.4,95.0,61.6,70.1,157.0343190164301
2023,Saint Mary's 5,Arkansas 8,21.24,18.05,112.6,112.1,91.4,94.0,61.6,69.6,136.84530820764053
2023,Xavier 3,Baylor 3,19.95,19.68,118.5,121.3,98.6,101.6,70.5,66.5,149.95581247839348
2023,Xavier 3,Florida Atlantic 9,19.95,19.38,118.5,115.1,98.6,95.7,70.5,67.6,157.44851878569128
2023,Xavier 3,Duke 5,19.95,19.35,118.5,113.2,98.6,93.9,70.5,64.9,152.39932728714356
2023,Xavier 3,West Virginia 9,19.95,18.82,118.5,116.9,98.6,98.1,70.5,68.5,151.1533703780164
2023,Xavier 3,Memphis 8,19.95,18.53,118.5,114.6,98.6,96.1,70.5,71.1,171.9229299967185
2023,Xavier 3,Kansas St. 3,19.95,18.51,118.5,113.5,98.6,95.0,70.5,70.1,165.5762560011732
2023,Xavier 3,Arkansas 8,19.95,18.05,118.5,112.1,98.6,94.0,70.5,69.6,167.0356991629588
2023,Xavier 3,Maryland 8,19.95,17.99,118.5,113.5,98.6,95.6,70.5,64.2,169.05192210185868
2023,Xavier 3,Miami FL 5,19.95,17.94,118.5,119.1,98.6,101.2,70.5,68.8,156.00728202991894
2023,Florida Atlantic 9,Duke 5,19.38,19.35,115.1,113.2,95.7,93.9,67.6,64.9,159.76864602142314
2023,Florida Atlantic 9,West Virginia 9,19.38,18.82,115.1,116.9,95.7,98.1,67.6,68.5,160.54236976072283
2023,Florida Atlantic 9,Memphis 8,19.38,18.53,115.1,114.6,95.7,96.1,67.6,71.1,146.96849671043287
2023,Florida Atlantic 9,Kansas St. 3,19.38,18.51,115.1,113.5,95.7,95.0,67.6,70.1,151.91986310754353
2023,Florida Atlantic 9,Arkansas 8,19.38,18.05,115.1,112.1,95.7,94.0,67.6,69.6,163.52947185697215
2023,Florida Atlantic 9,Maryland 8,19.38,17.99,115.1,113.5,95.7,95.6,67.6,64.2,158.73969983363756
2023,Florida Atlantic 9,Miami FL 5,19.38,17.94,115.1,119.1,95.7,101.2,67.6,68.8,173.61194160389417
2023,Florida Atlantic 9,TCU 6,19.38,17.78,115.1,112.1,95.7,94.3,67.6,69.7,167.87027127642588
2023,Florida Atlantic 9,Michigan St. 7,19.38,17.61,115.1,114.2,95.7,96.6,67.6,64.7,161.20635311903285
2023,West Virginia 9,Memphis 8,18.82,18.53,116.9,114.6,98.1,96.1,68.5,71.1,163.43415403209866
2023,West Virginia 9,Kansas St. 3,18.82,18.51,116.9,113.5,98.1,95.0,68.5,70.1,173.84904981601724
2023,West Virginia 9,Arkansas 8,18.82,18.05,116.9,112.1,98.1,94.0,68.5,69.6,161.03185167431778
2023,West Virginia 9,Maryland 8,18.82,17.99,116.9,113.5,98.1,95.6,68.5,64.2,164.96128525686703
2023,West Virginia 9,Miami FL 5,18.82,17.94,116.9,119.1,98.1,101.2,68.5,68.8,147.8708421585764
2023,West Virginia 9,TCU 6,18.82,17.78,116.9,112.1,98.1,94.3,68.5,69.7,152.1075947030143
2023,West Virginia 9,Michigan St. 7,18.82,17.61,116.9,114.2,98.1,96.6,68.5,64.7,167.44507011383078
2023,West Virginia 9,Kentucky 6,18.82,17.4,116.9,116.2,98.1,98.8,68.5,65.8,141.6487052945981
2023,West Virginia 9,Utah St. 10,18.82,17.39,116.9,116.3,98.1,98.9,68.5,68.6,164.37662473556492
2023,Kansas St. 3,Arkansas 8,18.51,18.05,113.5,112.1,95.0,94.0,70.1,69.6,169.22998446852523
2023,Kansas St. 3,Maryland 8,18.51,17.99,113.5,113.5,95.0,95.6,70.1,64.2,140.04949065651843
2023,Kansas St. 3,Miami FL 5,18.51,17.94,113.5,119.1,95.0,101.2,70.1,68.8,160.23502556581445
2023,Kansas St. 3,TCU 6,18.51,17.78,113.5,112.1,95.0,94.3,70.1,69.7,142.9478711360534
2023,Kansas St. 3,Michigan St. 7,18.51,17.61,113.5,114.2,95.0,96.6,70.1,64.7,163.11441336286572
2023,Kansas St. 3,Kentucky 6,18.51,17.4,113.5,116.2,95.0,98.8,70.1,65.8,161.2176753534992
2023,Kansas St. 3,Utah St. 10,18.51,17.39,113.5,116.3,95.0,98.9,70.1,68.6,164.10172064702215
2023,Kansas St. 3,Iowa St. 6,18.51,17.04,113.5,108.1,95.0,91.0,70.1,64.1,157.769275018511
2023,Kansas St. 3,Indiana 4,18.51,17.03,113.5,114.2,95.0,97.2,70.1,67.8,156.2952984352384
2023,Maryland 8,Miami FL 5,17.99,17.94,113.5,119.1,95.6,101.2,64.2,68.8,165.05525706067192
2023,Maryland 8,TCU 6,17.99,17.78,113.5,112.1,95.6,94.3,64.2,69.7,160.91918291445523
2023,Maryland 8,Michigan St. 7,17.99,17.61,113.5,114.2,95.6,96.6,64.2,64.7,135.8149593003905
2023,Maryland 8,Kentucky 6,17.99,17.4,113.5,116.2,95.6,98.8,64.2,65.8,155.6928831946324
2023,Maryland 8,Utah St. 10,17.99,17.39,113.5,116.3,95.6,98.9,64.2,68.6,144.5098965213607
2023,Maryland 8,Iowa St. 6,17.99,17.04,113.5,108.1,95.6,91.0,64.2,64.1,127.8671490926369
2023,Maryland 8,Indiana 4,17.99,17.03,113.5,114.2,95.6,97.2,64.2,67.8,136.0433832558063
2023,Maryland 8,North Texas,17.99,16.89,113.5,111.0,95.6,94.1,64.2,59.1,142.13630961373107
2023,Maryland 8,Auburn 9,17.99,16.77,113.5,112.5,95.6,95.7,64.2,67.6,159.41059717352567
2023,TCU 6,Michigan St. 7,17.78,17.61,112.1,114.2,94.3,96.6,69.7,64.7,157.70384822727618
2023,TCU 6,Kentucky 6,17.78,17.4,112.1,116.2,94.3,98.8,69.7,65.8,144.77002815842346
2023,TCU 6,Utah St. 10,17.78,17.39,112.1,116.3,94.3,98.9,69.7,68.6,172.39901617364228
2023,TCU 6,Iowa St. 6,17.78,17.04,112.1,108.1,94.3,91.0,69.7,64.1,147.3989931625749
2023,TCU 6,Indiana 4,17.78,17.03,112.1,114.2,94.3,97.2,69.7,67.8,164.1715320251995
2023,TCU 6,North Texas,17.78,16.89,112.1,111.0,94.3,94.1,69.7,59.1,147.25769188496213
2023,TCU 6,Auburn 9,17.78,16.77,112.1,112.5,94.3,95.7,69.7,67.6,139.81065462135362
2023,TCU 6,Texas A&M 7,17.78,16.71,112.1,113.7,94.3,97.0,69.7,65.9,146.91450441760585
2023,TCU 6,Virginia 4,17.78,16.37,112.1,110.8,94.3,94.5,69.7,61.5,142.5422644140585
2023,Kentucky 6,Utah St. 10,17.4,17.39,116.2,116.3,98.8,98.9,65.8,68.6,149.39093518156136
2023,Kentucky 6,Iowa St. 6,17.4,17.04,116.2,108.1,98.8,91.0,65.8,64.1,159.98123344364586
2023,Kentucky 6,Indiana 4,17.4,17.03,116.2,114.2,98.8,97.2,65.8,67.8,149.9543469544905
2023,Kentucky 6,North Texas,17.4,16.89,116.2,111.0,98.8,94.1,65.8,59.1,141.32841526688722
2023,Kentucky 6,Auburn 9,17.4,16.77,116.2,112.5,98.8,95.7,65.8,67.6,145.140671196587
2023,Kentucky 6,Texas A&M 7,17.4,16.71,116.2,113.7,98.8,97.0,65.8,65.9,136.41918299451797
2023,Kentucky 6,Virginia 4,17.4,16.37,116.2,110.8,98.8,94.5,65.8,61.5,143.34543615552965
2023,Kentucky 6,Illinois 9,17.4,16.22,116.2,111.1,98.8,94.9,65.8,69.5,149.6643770239813
2023,Kentucky 6,Penn St. 10,17.4,16.04,116.2,117.2,98.8,101.1,65.8,64.3,142.33881441554007
2023,Iowa St. 6,Indiana 4,17.04,17.03,108.1,114.2,91.0,97.2,64.1,67.8,155.159522658472
2023,Iowa St. 6,North Texas,17.04,16.89,108.1,111.0,91.0,94.1,64.1,59.1,134.52711687438142
2023,Iowa St. 6,Auburn 9,17.04,16.77,108.1,112.5,91.0,95.7,64.1,67.6,159.98160253633358
2023,Iowa St. 6,Texas A&M 7,17.04,16.71,108.1,113.7,91.0,97.0,64.1,65.9,144.63461927304547
2023,Iowa St. 6,Virginia 4,17.04,16.37,108.1,110.8,91.0,94.5,64.1,61.5,142.84177964761093
2023,Iowa St. 6,Illinois 9,17.04,16.22,108.1,111.1,91.0,94.9,64.1,69.5,158.08507411636765
2023,Iowa St. 6,Penn St. 10,17.04,16.04,108.1,117.2,91.0,101.1,64.1,64.3,156.83072410473247
2023,Iowa St. 6,Boise St. 10,17.04,15.85,108.1,110.9,91.0,95.1,64.1,66.2,148.3893461328082
2023,Iowa St. 6,Northwestern 7,17.04,15.59,108.1,109.9,91.0,94.3,64.1,64.4,148.7517728958075
2023,North Texas,Auburn 9,16.89,16.77,111.0,112.5,94.1,95.7,59.1,67.6,128.94594818895447
2023,North Texas,Texas A&M 7,16.89,16.71,111.0,113.7,94.1,97.0,59.1,65.9,146.20862493095376
2023,North Texas,Virginia 4,16.89,16.37,111.0,110.8,94.1,94.5,59.1,61.5,123.8345716894084
2023,North Texas,Illinois 9,16.89,16.22,111.0,111.1,94.1,94.9,59.1,69.5,134.35864396950797
2023,North Texas,Penn St. 10,16.89,16.04,111.0,117.2,94.1,101.1,59.1,64.3,142.65208378171843
2023,North Texas,Boise St. 10,16.89,15.85,111.0,110.9,94.1,95.1,59.1,66.2,151.5856870608397
2023,North Texas,Northwestern 7,16.89,15.59,111.0,109.9,94.1,94.3,59.1,64.4,142.27780402864929
2023,North Texas,Rutgers,16.89,15.53,111.0,106.3,94.1,90.8,59.1,65.7,148.8429843079388
2023,North Texas,Providence 11,16.89,15.39,111.0,116.2,94.1,100.8,59.1,66.7,142.58418660507994
2023,Texas A&M 7,Virginia 4,16.71,16.37,113.7,110.8,97.0,94.5,65.9,61.5,138.50291014341
2023,Texas A&M 7,Illinois 9,16.71,16.22,113.7,111.1,97.0,94.9,65.9,69.5,160.4770734792736
2023,Texas A&M 7,Penn St. 10,16.71,16.04,113.7,117.2,97.0,101.1,65.9,64.3,154.58052831468947
2023,Texas A&M 7,Boise St. 10,16.71,15.85,113.7,110.9,97.0,95.1,65.9,66.2,140.24369402548163
2023,Texas A&M 7,Northwestern 7,16.71,15.59,113.7,109.9,97.0,94.3,65.9,64.4,156.10943811308522
2023,Texas A&M 7,Rutgers,16.71,15.53,113.7,106.3,97.0,90.8,65.9,65.7,142.3674105315883
2023,Texas A&M 7,Providence 11,16.71,15.39,113.7,116.2,97.0,100.8,65.9,66.7,140.4919379647737
2023,Texas A&M 7,Iowa 8,16.71,15.39,113.7,120.0,97.0,104.6,65.9,69.5,145.57811435131285
2023,Texas A&M 7,Oregon,16.71,15.13,113.7,112.9,97.0,97.8,65.9,66.6,157.55402075545456
2023,Illinois 9,Penn St. 10,16.22,16.04,111.1,117.2,94.9,101.1,69.5,64.3,156.79144740994388
2023,Illinois 9,Boise St. 10,16.22,15.85,111.1,110.9,94.9,95.1,69.5,66.2,156.70401208123764
2023,Illinois 9,Northwestern 7,16.22,15.59,111.1,109.9,94.9,94.3,69.5,64.4,133.84770349890613
2023,Illinois 9,Rutgers,16.22,15.53,111.1,106.3,94.9,90.8,69.5,65.7,155.02630917881936
2023,Illinois 9,Providence 11,16.22,15.39,111.1,116.2,94.9,100.8,69.5,66.7,158.64088737928614
2023,Illinois 9,Iowa 8,16.22,15.39,111.1,120.0,94.9,104.6,69.5,69.5,161.5378678393505
2023,Illinois 9,Oregon,16.22,15.13,111.1,112.9,94.9,97.8,69.5,66.6,159.27171238790802
2023,Illinois 9,North Carolina,16.22,15.01,111.1,112.2,94.9,97.2,69.5,68.8,162.83119580571457
2023,Illinois 9,Michigan,16.22,14.96,111.1,112.3,94.9,97.4,69.5,67.4,163.69360189980642
2023,Boise St. 10,Northwestern 7,15.85,15.59,110.9,109.9,95.1,94.3,66.2,64.4,132.28683330757485
2023,Boise St. 10,Rutgers,15.85,15.53,110.9,106.3,95.1,90.8,66.2,65.7,157.13281954161107
2023,Boise St. 10,Providence 11,15.85,15.39,110.9,116.2,95.1,100.8,66.2,66.7,145.616661017619
2023,Boise St. 10,Iowa 8,15.85,15.39,110.9,120.0,95.1,104.6,66.2,69.5,143.1301173781156
2023,Boise St. 10,Oregon,15.85,15.13,110.9,112.9,95.1,97.8,66.2,66.6,133.91920198778556
2023,Boise St. 10,North Carolina,15.85,15.01,110.9,112.2,95.1,97.2,66.2,68.8,162.8710867530252
2023,Boise St. 10,Michigan,15.85,14.96,110.9,112.3,95.1,97.4,66.2,67.4,159.02145983123356
2023,Boise St. 10,USC 10,15.85,14.85,110.9,112.3,95.1,97.5,66.2,68.0,150.60858205403744
2023,Boise St. 10,Oklahoma St.,15.85,14.69,110.9,106.6,95.1,91.9,66.2,67.4,147.17045181268696
2023,Rutgers,Providence 11,15.53,15.39,106.3,116.2,90.8,100.8,65.7,66.7,157.84360119535268
2023,Rutgers,Iowa 8,15.53,15.39,106.3,120.0,90.8,104.6,65.7,69.5,149.1264923186701
2023,Rutgers,Oregon,15.53,15.13,106.3,112.9,90.8,97.8,65.7,66.6,134.1511128491714
2023,Rutgers,North Carolina,15.53,15.01,106.3,112.2,90.8,97.2,65.7,68.8,145.71731341754048
2023,Rutgers,Michigan,15.53,14.96,106.3,112.3,90.8,97.4,65.7,67.4,149.3419132657985
2023,Rutgers,USC 10,15.53,14.85,106.3,112.3,90.8,97.5,65.7,68.0,146.8070420997499
2023,Rutgers,Oklahoma St.,15.53,14.69,106.3,106.6,90.8,91.9,65.7,67.4,150.41297998823094
2023,Rutgers,UAB,15.53,14.64,106.3,112.5,90.8,97.9,65.7,70.5,159.93402135129998
2023,Rutgers,Liberty,15.53,14.54,106.3,112.1,90.8,97.5,65.7,64.8,130.604844053359
2023,Iowa 8,Oregon,15.39,15.13,120.0,112.9,104.6,97.8,69.5,66.6,171.30091604691552
2023,Iowa 8,North Carolina,15.39,15.01,120.0,112.2,104.6,97.2,69.5,68.8,148.4340100043574
2023,Iowa 8,Michigan,15.39,14.96,120.0,112.3,104.6,97.4,69.5,67.4,168.81580927242302
2023,Iowa 8,USC 10,15.39,14.85,120.0,112.3,104.6,97.5,69.5,68.0,147.8733014747315
2023,Iowa 8,Oklahoma St.,15.39,14.69,120.0,106.6,104.6,91.9,69.5,67.4,161.39941743495197
2023,Iowa 8,UAB,15.39,14.64,120.0,112.5,104.6,97.9,69.5,70.5,158.52440862271118
2023,Iowa 8,Liberty,15.39,14.54,120.0,112.1,104.6,97.5,69.5,64.8,150.08504306125204
2023,Iowa 8,Ohio St.,15.39,14.11,120.0,115.7,104.6,101.6,69.5,65.9,148.9070062626871
2023,Iowa 8,Cincinnati,15.39,13.99,120.0,112.0,104.6,98.0,69.5,68.6,154.56144653654866
2023,North Carolina,Michigan,15.01,14.96,112.2,112.3,97.2,97.4,68.8,67.4,151.7719752654909
2023,North Carolina,USC 10,15.01,14.85,112.2,112.3,97.2,97.5,68.8,68.0,152.61695598322578
2023,North Carolina,Oklahoma St.,15.01,14.69,112.2,106.6,97.2,91.9,68.8,67.4,138.4602997765341
2023,North Carolina,UAB,15.01,14.64,112.2,112.5,97.2,97.9,68.8,70.5,145.25790185941537
2023,North Carolina,Liberty,15.01,14.54,112.2,112.1,97.2,97.5,68.8,64.8,144.6936558106571
2023,North Carolina,Ohio St.,15.01,14.11,112.2,115.7,97.2,101.6,68.8,65.9,149.75977470325873
2023,North Carolina,Cincinnati,15.01,13.99,112.2,112.0,97.2,98.0,68.8,68.6,148.01790935372657
2023,North Carolina,Villanova,15.01,13.7,112.2,113.4,97.2,99.7,68.8,63.8,141.4895443131906
2023,North Carolina,N.C. State 11,15.01,13.55,112.2,113.6,97.2,100.0,68.8,69.0,153.75617177623886
2023,USC 10,Oklahoma St.,14.85,14.69,112.3,106.6,97.5,91.9,68.0,67.4,161.95430760661296
2023,USC 10,UAB,14.85,14.64,112.3,112.5,97.5,97.9,68.0,70.5,159.26692378499348
2023,USC 10,Liberty,14.85,14.54,112.3,112.1,97.5,97.5,68.0,64.8,155.60166725514298
2023,USC 10,Ohio St.,14.85,14.11,112.3,115.7,97.5,101.6,68.0,65.9,161.5763052803853
2023,USC 10,Cincinnati,14.85,13.99,112.3,112.0,97.5,98.0,68.0,68.6,161.85118773514952
2023,USC 10,Villanova,14.85,13.7,112.3,113.4,97.5,99.7,68.0,63.8,136.8407333298199
2023,USC 10,N.C. State 11,14.85,13.55,112.3,113.6,97.5,100.0,68.0,69.0,141.49245917591597
2023,USC 10,Mississippi St. 11,14.85,13.49,112.3,104.8,97.5,91.4,68.0,63.6,135.74906566836935
2023,USC 10,Oklahoma,14.85,13.41,112.3,110.8,97.5,97.4,68.0,65.2,144.63598116788518
2023,UAB,Liberty,14.64,14.54,112.5,112.1,97.9,97.5,70.5,64.8,145.55031201669604
2023,UAB,Ohio St.,14.64,14.11,112.5,115.7,97.9,101.6,70.5,65.9,144.25250429477973
2023,UAB,Cincinnati,14.64,13.99,112.5,112.0,97.9,98.0,70.5,68.6,155.03185420905325
2023,UAB,Villanova,14.64,13.7,112.5,113.4,97.9,99.7,70.5,63.8,139.9714607804236
2023,UAB,N.C. State 11,14.64,13.55,112.5,113.6,97.9,100.0,70.5,69.0,151.59736021535457
2023,UAB,Mississippi St. 11,14.64,13.49,112.5,104.8,97.9,91.4,70.5,63.6,151.24768561936583
2023,UAB,Oklahoma,14.64,13.41,112.5,110.8,97.9,97.4,70.5,65.2,163.35851612896622
2023,UAB,Arizona St. 11,14.64,13.26,112.5,109.0,97.9,95.8,70.5,68.1,154.5195027678534
2023,UAB,UCF,14.64,13.21,112.5,109.0,97.9,95.8,70.5,64.7,164.61522868039827
2023,Ohio St.,Cincinnati,14.11,13.99,115.7,112.0,101.6,98.0,65.9,68.6,141.19002706236864
2023,Ohio St.,Villanova,14.11,13.7,115.7,113.4,101.6,99.7,65.9,63.8,148.53554463946497
2023,Ohio St.,N.C. State 11,14.11,13.55,115.7,113.6,101.6,100.0,65.9,69.0,155.3132743890735
2023,Ohio St.,Mississippi St. 11,14.11,13.49,115.7,104.8,101.6,91.4,65.9,63.6,141.99759390150717
2023,Ohio St.,Oklahoma,14.11,13.41,115.7,110.8,101.6,97.4,65.9,65.2,148.14806723540372
2023,Ohio St.,Arizona St. 11,14.11,13.26,115.7,109.0,101.6,95.8,65.9,68.1,144.48993557299644
2023,Ohio St.,UCF,14.11,13.21,115.7,109.0,101.6,95.8,65.9,64.7,139.15066204324066
2023,Ohio St.,Missouri 7,14.11,13.07,115.7,118.3,101.6,105.3,65.9,68.7,148.87674205517195
2023,Ohio St.,Seton Hall,14.11,13.06,115.7,107.2,101.6,94.1,65.9,66.2,136.7452565858564
2024,Connecticut 1,Houston 1,36.43,31.17,127.5,118.9,91.1,87.7,64.6,63.5,162.03845693455776
2024,Connecticut 1,Purdue 1,36.43,30.62,127.5,125.2,91.1,94.6,64.6,67.0,168.54104248843294
2024,Connecticut 1,Auburn 4,36.43,27.99,127.5,120.4,91.1,92.4,64.6,70.0,154.9254132048617
2024,Connecticut 1,Tennessee 2,36.43,26.61,127.5,116.8,91.1,90.2,64.6,69.3,170.4681231895819
2024,Connecticut 1,Arizona 2,36.43,26.55,127.5,120.2,91.1,93.7,64.6,72.2,170.51008611324207
2024,Connecticut 1,Duke 4,36.43,26.47,127.5,121.6,91.1,95.2,64.6,66.4,176.60094774779097
2024,Connecticut 1,Iowa St. 2,36.43,26.47,127.5,113.9,91.1,87.5,64.6,67.2,145.70139252775132
2024,Connecticut 1,North Carolina 1,36.43,26.19,127.5,119.7,91.1,93.5,64.6,70.6,156.6538969142803
2024,Connecticut 1,Illinois 3,36.43,24.53,127.5,125.5,91.1,101.0,64.6,69.8,181.00874364331264
2024,Purdue 1,Auburn 4,30.62,27.99,125.2,120.4,94.6,92.4,67.0,70.0,170.76840487211274
2024,Purdue 1,Tennessee 2,30.62,26.61,125.2,116.8,94.6,90.2,67.0,69.3,162.4281425193617
2024,Purdue 1,Arizona 2,30.62,26.55,125.2,120.2,94.6,93.7,67.0,72.2,183.16280981791323
2024,Purdue 1,Duke 4,30.62,26.47,125.2,121.6,94.6,95.2,67.0,66.4,173.51947229308428
2024,Purdue 1,Iowa St. 2,30.62,26.47,125.2,113.9,94.6,87.5,67.0,67.2,149.20382237553952
2024,Purdue 1,North Carolina 1,30.62,26.19,125.2,119.7,94.6,93.5,67.0,70.6,164.2318976584795
2024,Purdue 1,Illinois 3,30.62,24.53,125.2,125.5,94.6,101.0,67.0,69.8,184.48447495848322
2024,Purdue 1,Creighton 3,30.62,24.22,125.2,120.9,94.6,96.7,67.0,66.8,169.2751854275323
2024,Purdue 1,Gonzaga 5,30.62,23.17,125.2,122.6,94.6,99.4,67.0,68.9,174.6081664089868
2024,Tennessee 2,Arizona 2,26.61,26.55,116.8,120.2,90.2,93.7,69.3,72.2,181.38489949869236
2024,Tennessee 2,Duke 4,26.61,26.47,116.8,121.6,90.2,95.2,69.3,66.4,161.66550623306568
2024,Tennessee 2,Iowa St. 2,26.61,26.47,116.8,113.9,90.2,87.5,69.3,67.2,165.5404214769398
2024,Tennessee 2,North Carolina 1,26.61,26.19,116.8,119.7,90.2,93.5,69.3,70.6,170.2772220457133
2024,Tennessee 2,Illinois 3,26.61,24.53,116.8,125.5,90.2,101.0,69.3,69.8,161.49768807658847
2024,Tennessee 2,Creighton 3,26.61,24.22,116.8,120.9,90.2,96.7,69.3,66.8,169.51522519228854
2024,Tennessee 2,Gonzaga 5,26.61,23.17,116.8,122.6,90.2,99.4,69.3,68.9,160.79673853013895
2024,Tennessee 2,Marquette 2,26.61,23.02,116.8,118.2,90.2,95.2,69.3,69.1,159.00964007739162
2024,Tennessee 2,Alabama 4,26.61,22.96,116.8,126.0,90.2,103.0,69.3,72.6,173.5397348743039
2024,Duke 4,Iowa St. 2,26.47,26.47,121.6,113.9,95.2,87.5,66.4,67.2,145.58254434164957
2024,Duke 4,North Carolina 1,26.47,26.19,121.6,119.7,95.2,93.5,66.4,70.6,166.53206504734814
2024,Duke 4,Illinois 3,26.47,24.53,121.6,125.5,95.2,101.0,66.4,69.8,161.49054953510696
2024,Duke 4,Creighton 3,26.47,24.22,121.6,120.9,95.2,96.7,66.4,66.8,175.349146707921
2024,Duke 4,Gonzaga 5,26.47,23.17,121.6,122.6,95.2,99.4,66.4,68.9,177.9676156379936
2024,Duke 4,Marquette 2,26.47,23.02,121.6,118.2,95.2,95.2,66.4,69.1,167.36458904989848
2024,Duke 4,Alabama 4,26.47,22.96,121.6,126.0,95.2,103.0,66.4,72.6,159.6215146861365
2024,Duke 4,Baylor 3,26.47,21.9,121.6,122.4,95.2,100.5,66.4,65.8,147.74446714232477
2024,Duke 4,Michigan St. 9,26.47,20.58,121.6,114.3,95.2,93.7,66.4,65.3,150.84145412081836
2024,North Carolina 1,Illinois 3,26.19,24.53,119.7,125.5,93.5,101.0,70.6,69.8,180.0405333459604
2024,North Carolina 1,Creighton 3,26.19,24.22,119.7,120.9,93.5,96.7,70.6,66.8,157.0046944765327
2024,North Carolina 1,Gonzaga 5,26.19,23.17,119.7,122.6,93.5,99.4,70.6,68.9,169.52377411803624
2024,North Carolina 1,Marquette 2,26.19,23.02,119.7,118.2,93.5,95.2,70.6,69.1,162.9348237181684
2024,North Carolina 1,Alabama 4,26.19,22.96,119.7,126.0,93.5,103.0,70.6,72.6,172.34970573013945
2024,North Carolina 1,Baylor 3,26.19,21.9,119.7,122.4,93.5,100.5,70.6,65.8,173.35247482895073
2024,North Carolina 1,Michigan St. 9,26.19,20.58,119.7,114.3,93.5,93.7,70.6,65.3,166.43180189480492
2024,North Carolina 1,Wisconsin 5,26.19,20.06,119.7,119.2,93.5,99.2,70.6,65.5,162.53289276275558
2024,North Carolina 1,BYU 6,26.19,19.96,119.7,119.8,93.5,99.9,70.6,69.2,179.08356623937857
2024,Creighton 3,Gonzaga 5,24.22,23.17,120.9,122.6,96.7,99.4,66.8,68.9,177.15981753583094
2024,Creighton 3,Marquette 2,24.22,23.02,120.9,118.2,96.7,95.2,66.8,69.1,169.7224415231035
2024,Creighton 3,Alabama 4,24.22,22.96,120.9,126.0,96.7,103.0,66.8,72.6,169.37913081338766
2024,Creighton 3,Baylor 3,24.22,21.9,120.9,122.4,96.7,100.5,66.8,65.8,167.17201649891882
2024,Creighton 3,Michigan St. 9,24.22,20.58,120.9,114.3,96.7,93.7,66.8,65.3,140.49646258370052
2024,Creighton 3,Wisconsin 5,24.22,20.06,120.9,119.2,96.7,99.2,66.8,65.5,148.8877727920653
2024,Creighton 3,BYU 6,24.22,19.96,120.9,119.8,96.7,99.9,66.8,69.2,175.15006157437054
2024,Creighton 3,Clemson 6,24.22,19.44,120.9,117.7,96.7,98.3,66.8,66.4,161.7148548219355
2024,Creighton 3,Saint Mary's 5,24.22,19.43,120.9,114.5,96.7,95.0,66.8,62.5,142.73028396707383
2024,Marquette 2,Alabama 4,23.02,22.96,118.2,126.0,95.2,103.0,69.1,72.6,169.0356766009531
2024,Marquette 2,Baylor 3,23.02,21.9,118.2,122.4,95.2,100.5,69.1,65.8,163.76523180493945
2024,Marquette 2,Michigan St. 9,23.02,20.58,118.2,114.3,95.2,93.7,69.1,65.3,159.7482412272603
2024,Marquette 2,Wisconsin 5,23.02,20.06,118.2,119.2,95.2,99.2,69.1,65.5,173.05374865541592
2024,Marquette 2,BYU 6,23.02,19.96,118.2,119.8,95.2,99.9,69.1,69.2,172.4409336353867
2024,Marquette 2,Clemson 6,23.02,19.44,118.2,117.7,95.2,98.3,69.1,66.4,159.30688097116746
2024,Marquette 2,Saint Mary's 5,23.02,19.43,118.2,114.5,95.2,95.0,69.1,62.5,162.87210165529706
2024,Marquette 2,St. John's,23.02,19.41,118.2,119.0,95.2,99.6,69.1,69.3,150.64675101176374
2024,Marquette 2,San Diego St. 5,23.02,19.36,118.2,113.4,95.2,94.0,69.1,66.2,146.91525495631228
2024,Baylor 3,Michigan St. 9,21.9,20.58,122.4,114.3,100.5,93.7,65.8,65.3,154.2240352108665
2024,Baylor 3,Wisconsin 5,21.9,20.06,122.4,119.2,100.5,99.2,65.8,65.5,171.06436652064866
2024,Baylor 3,BYU 6,21.9,19.96,122.4,119.8,100.5,99.9,65.8,69.2,161.17657191743695
2024,Baylor 3,Clemson 6,21.9,19.44,122.4,117.7,100.5,98.3,65.8,66.4,152.57068019342535
2024,Baylor 3,Saint Mary's 5,21.9,19.43,122.4,114.5,100.5,95.0,65.8,62.5,153.3114576453619
2024,Baylor 3,St. John's,21.9,19.41,122.4,119.0,100.5,99.6,65.8,69.3,169.4565199558811
2024,Baylor 3,San Diego St. 5,21.9,19.36,122.4,113.4,100.5,94.0,65.8,66.2,164.58525650271105
2024,Baylor 3,Kentucky 3,21.9,19.29,122.4,122.2,100.5,102.9,65.8,72.7,161.27004919090774
2024,Baylor 3,Colorado 10,21.9,19.03,122.4,118.4,100.5,99.3,65.8,67.6,159.49859480782158
2024,Wisconsin 5,BYU 6,20.06,19.96,119.2,119.8,99.2,99.9,65.5,69.2,154.90078100087882
2024,Wisconsin 5,Clemson 6,20.06,19.44,119.2,117.7,99.2,98.3,65.5,66.4,170.54161458311705
2024,Wisconsin 5,Saint Mary's 5,20.06,19.43,119.2,114.5,99.2,95.0,65.5,62.5,149.28384062933236
2024,Wisconsin 5,St. John's,20.06,19.41,119.2,119.0,99.2,99.6,65.5,69.3,147.56581513370926
2024,Wisconsin 5,San Diego St. 5,20.06,19.36,119.2,113.4,99.2,94.0,65.5,66.2,143.0956064916555
2024,Wisconsin 5,Kentucky 3,20.06,19.29,119.2,122.2,99.2,102.9,65.5,72.7,181.57362338221063
2024,Wisconsin 5,Colorado 10,20.06,19.03,119.2,118.4,99.2,99.3,65.5,67.6,154.25462101981643
2024,Wisconsin 5,Texas 7,20.06,18.77,119.2,116.5,99.2,97.7,65.5,67.4,168.897497572965
2024,Wisconsin 5,Florida 7,20.06,18.19,119.2,120.0,99.2,101.8,65.5,72.0,173.76352065096555
2024,Clemson 6,Saint Mary's 5,19.44,19.43,117.7,114.5,98.3,95.0,66.4,62.5,157.33287940037457
2024,Clemson 6,St. John's,19.44,19.41,117.7,119.0,98.3,99.6,66.4,69.3,174.35724402508774
2024,Clemson 6,San Diego St. 5,19.44,19.36,117.7,113.4,98.3,94.0,66.4,66.2,148.32924913083218
2024,Clemson 6,Kentucky 3,19.44,19.29,117.7,122.2,98.3,102.9,66.4,72.7,172.42927944889234
2024,Clemson 6,Colorado 10,19.44,19.03,117.7,118.4,98.3,99.3,66.4,67.6,149.74443088535077
2024,Clemson 6,Texas 7,19.44,18.77,117.7,116.5,98.3,97.7,66.4,67.4,155.88050892346547
2024,Clemson 6,Florida 7,19.44,18.19,117.7,120.0,98.3,101.8,66.4,72.0,156.51555809596974
2024,Clemson 6,Kansas 4,19.44,17.94,117.7,113.5,98.3,95.6,66.4,69.2,153.1869749053129
2024,Clemson 6,Wake Forest,19.44,17.89,117.7,117.7,98.3,99.8,66.4,68.5,147.46563445579852
2024,St. John's,San Diego St. 5,19.41,19.36,119.0,113.4,99.6,94.0,69.3,66.2,156.49768134852798
2024,St. John's,Kentucky 3,19.41,19.29,119.0,122.2,99.6,102.9,69.3,72.7,177.45464395352136
2024,St. John's,Colorado 10,19.41,19.03,119.0,118.4,99.6,99.3,69.3,67.6,158.83015073962645
2024,St. John's,Texas 7,19.41,18.77,119.0,116.5,99.6,97.7,69.3,67.4,162.82628472082345
2024,St. John's,Florida 7,19.41,18.19,119.0,120.0,99.6,101.8,69.3,72.0,178.4359812972265
2024,St. John's,Kansas 4,19.41,17.94,119.0,113.5,99.6,95.6,69.3,69.2,175.79034342979327
2024,St. John's,Wake Forest,19.41,17.89,119.0,117.7,99.6,99.8,69.3,68.5,169.51372778224646
2024,St. John's,New Mexico 11,19.41,17.8,119.0,114.4,99.6,96.6,69.3,72.8,172.25167254545943
2024,St. John's,Nebraska 8,19.41,17.55,119.0,116.2,99.6,98.7,69.3,69.0,160.06541303429609
2024,Kentucky 3,Colorado 10,19.29,19.03,122.2,118.4,102.9,99.3,72.7,67.6,173.44200848557347
2024,Kentucky 3,Texas 7,19.29,18.77,122.2,116.5,102.9,97.7,72.7,67.4,177.87280250161768
2024,Kentucky 3,Florida 7,19.29,18.19,122.2,120.0,102.9,101.8,72.7,72.0,185.4053516310315
2024,Kentucky 3,Kansas 4,19.29,17.94,122.2,113.5,102.9,95.6,72.7,69.2,174.46931207683497
2024,Kentucky 3,Wake Forest,19.29,17.89,122.2,117.7,102.9,99.8,72.7,68.5,169.11429385604765
2024,Kentucky 3,New Mexico 11,19.29,17.8,122.2,114.4,102.9,96.6,72.7,72.8,180.9953829301469
2024,Kentucky 3,Nebraska 8,19.29,17.55,122.2,116.2,102.9,98.7,72.7,69.0,167.26973661533341
2024,Kentucky 3,Texas Tech 6,19.29,17.32,122.2,117.4,102.9,100.1,72.7,66.8,163.46326082726316
2024,Kentucky 3,Dayton 7,19.29,17.3,122.2,117.7,102.9,100.4,72.7,64.5,169.87440618886035
2024,Texas 7,Florida 7,18.77,18.19,116.5,120.0,97.7,101.8,67.4,72.0,159.45841049915492
2024,Texas 7,Kansas 4,18.77,17.94,116.5,113.5,97.7,95.6,67.4,69.2,167.8972455786026
2024,Texas 7,Wake Forest,18.77,17.89,116.5,117.7,97.7,99.8,67.4,68.5,157.93096957711626
2024,Texas 7,New Mexico 11,18.77,17.8,116.5,114.4,97.7,96.6,67.4,72.8,155.0665664062441
2024,Texas 7,Nebraska 8,18.77,17.55,116.5,116.2,97.7,98.7,67.4,69.0,152.43266847752162
2024,Texas 7,Texas Tech 6,18.77,17.32,116.5,117.4,97.7,100.1,67.4,66.8,143.75536265284498
2024,Texas 7,Dayton 7,18.77,17.3,116.5,117.7,97.7,100.4,67.4,64.5,163.34861294386374
2024,Texas 7,Pittsburgh,18.77,17.18,116.5,116.5,97.7,99.3,67.4,65.6,160.44475632354528
2024,Texas 7,Mississippi St. 8,18.77,17.07,116.5,113.0,97.7,95.9,67.4,67.1,154.6485150814867
2024,Kansas 4,Wake Forest,17.94,17.89,113.5,117.7,95.6,99.8,69.2,68.5,154.20308122663215
2024,Kansas 4,New Mexico 11,17.94,17.8,113.5,114.4,95.6,96.6,69.2,72.8,164.87843351284084
2024,Kansas 4,Nebraska 8,17.94,17.55,113.5,116.2,95.6,98.7,69.2,69.0,151.52690211214517
2024,Kansas 4,Texas Tech 6,17.94,17.32,113.5,117.4,95.6,100.1,69.2,66.8,144.90770060065523
2024,Kansas 4,Dayton 7,17.94,17.3,113.5,117.7,95.6,100.4,69.2,64.5,146.51557935138797
2024,Kansas 4,Pittsburgh,17.94,17.18,113.5,116.5,95.6,99.3,69.2,65.6,141.52797538754723
2024,Kansas 4,Mississippi St. 8,17.94,17.07,113.5,113.0,95.6,95.9,69.2,67.1,153.77744323130113
2024,Kansas 4,Texas A&M 9,17.94,17.02,113.5,117.5,95.6,100.5,69.2,66.6,149.20150869670863
2024,Kansas 4,Colorado St. 10,17.94,17.02,113.5,114.0,95.6,97.0,69.2,66.1,168.2866590074605
2024,New Mexico 11,Nebraska 8,17.8,17.55,114.4,116.2,96.6,98.7,72.8,69.0,167.55247488858393
2024,New Mexico 11,Texas Tech 6,17.8,17.32,114.4,117.4,96.6,100.1,72.8,66.8,155.48482839088376
2024,New Mexico 11,Dayton 7,17.8,17.3,114.4,117.7,96.6,100.4,72.8,64.5,154.27549696526887
2024,New Mexico 11,Pittsburgh,17.8,17.18,114.4,116.5,96.6,99.3,72.8,65.6,151.7077615491362
2024,New Mexico 11,Mississippi St. 8,17.8,17.07,114.4,113.0,96.6,95.9,72.8,67.1,160.21089985009903
2024,New Mexico 11,Texas A&M 9,17.8,17.02,114.4,117.5,96.6,100.5,72.8,66.6,171.68381084272596
2024,New Mexico 11,Colorado St. 10,17.8,17.02,114.4,114.0,96.6,97.0,72.8,66.1,148.39910322403807
2024,New Mexico 11,Villanova,17.8,16.78,114.4,111.4,96.6,94.6,72.8,63.6,164.3151170005881
2024,New Mexico 11,Indiana St.,17.8,16.69,114.4,119.9,96.6,103.2,72.8,70.9,158.75543992240497
2024,Texas Tech 6,Dayton 7,17.32,17.3,117.4,117.7,100.1,100.4,66.8,64.5,145.73927697997766
2024,Texas Tech 6,Pittsburgh,17.32,17.18,117.4,116.5,100.1,99.3,66.8,65.6,141.47138749855367
2024,Texas Tech 6,Mississippi St. 8,17.32,17.07,117.4,113.0,100.1,95.9,66.8,67.1,166.60419185723896
2024,Texas Tech 6,Texas A&M 9,17.32,17.02,117.4,117.5,100.1,100.5,66.8,66.6,163.81656660467485
2024,Texas Tech 6,Colorado St. 10,17.32,17.02,117.4,114.0,100.1,97.0,66.8,66.1,147.10842110709797
2024,Texas Tech 6,Villanova,17.32,16.78,117.4,111.4,100.1,94.6,66.8,63.6,160.74374070747672
2024,Texas Tech 6,Indiana St.,17.32,16.69,117.4,119.9,100.1,103.2,66.8,70.9,159.37271129631992
2024,Texas Tech 6,Cincinnati,17.32,16.47,117.4,112.0,100.1,95.5,66.8,67.5,167.16307652165116
2024,Texas Tech 6,Nevada 10,17.32,16.41,117.4,115.0,100.1,98.6,66.8,66.8,163.63263070958067
2024,Pittsburgh,Mississippi St. 8,17.18,17.07,116.5,113.0,99.3,95.9,65.6,67.1,154.14217324075355
2024,Pittsburgh,Texas A&M 9,17.18,17.02,116.5,117.5,99.3,100.5,65.6,66.6,169.5170389923201
2024,Pittsburgh,Colorado St. 10,17.18,17.02,116.5,114.0,99.3,97.0,65.6,66.1,155.44187878836667
2024,Pittsburgh,Villanova,17.18,16.78,116.5,111.4,99.3,94.6,65.6,63.6,133.64065846516996
2024,Pittsburgh,Indiana St.,17.18,16.69,116.5,119.9,99.3,103.2,65.6,70.9,165.6102364112427
2024,Pittsburgh,Cincinnati,17.18,16.47,116.5,112.0,99.3,95.5,65.6,67.5,153.5667410285684
2024,Pittsburgh,Nevada 10,17.18,16.41,116.5,115.0,99.3,98.6,65.6,66.8,140.32483624139687
2024,Pittsburgh,Northwestern 9,17.18,16.41,116.5,115.9,99.3,99.5,65.6,64.2,157.2770120845462
2024,Pittsburgh,Washington St. 7,17.18,16.33,116.5,113.2,99.3,96.9,65.6,64.8,153.1559793835347
2024,Texas A&M 9,Colorado St. 10,17.02,17.02,117.5,114.0,100.5,97.0,66.6,66.1,150.499729078499
2024,Texas A&M 9,Villanova,17.02,16.78,117.5,111.4,100.5,94.6,66.6,63.6,160.87000951401376
2024,Texas A&M 9,Indiana St.,17.02,16.69,117.5,119.9,100.5,103.2,66.6,70.9,166.27751686768983
2024,Texas A&M 9,Cincinnati,17.02,16.47,117.5,112.0,100.5,95.5,66.6,67.5,166.0153722060727
2024,Texas A&M 9,Nevada 10,17.02,16.41,117.5,115.0,100.5,98.6,66.6,66.8,154.14798769362073
2024,Texas A&M 9,Northwestern 9,17.02,16.41,117.5,115.9,100.5,99.5,66.6,64.2,162.7359159419318
2024,Texas A&M 9,Washington St. 7,17.02,16.33,117.5,113.2,100.5,96.9,66.6,64.8,147.47122527542714
2024,Texas A&M 9,TCU 9,17.02,16.04,117.5,114.7,100.5,98.7,66.6,69.8,162.2060012739862
2024,Texas A&M 9,Boise St. 10,17.02,15.97,117.5,113.4,100.5,97.4,66.6,66.6,154.95939990150774
2024,Villanova,Indiana St.,16.78,16.69,111.4,119.9,94.6,103.2,63.6,70.9,157.1234406073076
2024,Villanova,Cincinnati,16.78,16.47,111.4,112.0,94.6,95.5,63.6,67.5,135.62778321589715
2024,Villanova,Nevada 10,16.78,16.41,111.4,115.0,94.6,98.6,63.6,66.8,157.5964320526566
2024,Villanova,Northwestern 9,16.78,16.41,111.4,115.9,94.6,99.5,63.6,64.2,156.5039382884813
2024,Villanova,Washington St. 7,16.78,16.33,111.4,113.2,94.6,96.9,63.6,64.8,144.45948596589
2024,Villanova,TCU 9,16.78,16.04,111.4,114.7,94.6,98.7,63.6,69.8,140.80188636175916
2024,Villanova,Boise St. 10,16.78,15.97,111.4,113.4,94.6,97.4,63.6,66.6,139.99940248572292
2024,Villanova,N.C. State 11,16.78,15.9,111.4,114.3,94.6,98.4,63.6,68.0,135.4872383167282
2024,Villanova,Oklahoma,16.78,15.77,111.4,114.1,94.6,98.4,63.6,67.1,152.81089976090323
2024,Cincinnati,Nevada 10,16.47,16.41,112.0,115.0,95.5,98.6,67.5,66.8,163.8166780707153
2024,Cincinnati,Northwestern 9,16.47,16.41,112.0,115.9,95.5,99.5,67.5,64.2,158.52523524919786
2024,Cincinnati,Washington St. 7,16.47,16.33,112.0,113.2,95.5,96.9,67.5,64.8,163.83803014227726
2024,Cincinnati,TCU 9,16.47,16.04,112.0,114.7,95.5,98.7,67.5,69.8,146.58341235278755
2024,Cincinnati,Boise St. 10,16.47,15.97,112.0,113.4,95.5,97.4,67.5,66.6,139.55179507634207
2024,Cincinnati,N.C. State 11,16.47,15.9,112.0,114.3,95.5,98.4,67.5,68.0,162.83705813699623
2024,Cincinnati,Oklahoma,16.47,15.77,112.0,114.1,95.5,98.4,67.5,67.1,139.14921877405007
2024,Cincinnati,Florida Atlantic 8,16.47,15.74,112.0,117.8,95.5,102.1,67.5,68.3,168.86733479489513
2024,Cincinnati,Utah,16.47,15.41,112.0,114.6,95.5,99.2,67.5,70.0,168.0717065468273
2024,Northwestern 9,Washington St. 7,16.41,16.33,115.9,113.2,99.5,96.9,64.2,64.8,134.57536168264258
2024,Northwestern 9,TCU 9,16.41,16.04,115.9,114.7,99.5,98.7,64.2,69.8,149.66513435178788
2024,Northwestern 9,Boise St. 10,16.41,15.97,115.9,113.4,99.5,97.4,64.2,66.6,162.74396510583827
2024,Northwestern 9,N.C. State 11,16.41,15.9,115.9,114.3,99.5,98.4,64.2,68.0,141.33771222950728
2024,Northwestern 9,Oklahoma,16.41,15.77,115.9,114.1,99.5,98.4,64.2,67.1,143.81882259748605
2024,Northwestern 9,Florida Atlantic 8,16.41,15.74,115.9,117.8,99.5,102.1,64.2,68.3,159.13753750912056
2024,Northwestern 9,Utah,16.41,15.41,115.9,114.6,99.5,99.2,64.2,70.0,158.40746717712076
2024,Northwestern 9,Ohio St.,16.41,15.19,115.9,115.2,99.5,100.0,64.2,66.5,154.89129741378574
2024,Northwestern 9,Seton Hall,16.41,15.03,115.9,113.1,99.5,98.1,64.2,66.8,147.55017851180224
2024,TCU 9,Boise St. 10,16.04,15.97,114.7,113.4,98.7,97.4,69.8,66.6,167.66176786673677
2024,TCU 9,N.C. State 11,16.04,15.9,114.7,114.3,98.7,98.4,69.8,68.0,164.6678951209929
2024,TCU 9,Oklahoma,16.04,15.77,114.7,114.1,98.7,98.4,69.8,67.1,159.1919979956463
2024,TCU 9,Florida Atlantic 8,16.04,15.74,114.7,117.8,98.7,102.1,69.8,68.3,155.17175224617858
2024,TCU 9,Utah,16.04,15.41,114.7,114.6,98.7,99.2,69.8,70.0,155.14629657583086
2024,TCU 9,Ohio St.,16.04,15.19,114.7,115.2,98.7,100.0,69.8,66.5,167.92134524909844
2024,TCU 9,Seton Hall,16.04,15.03,114.7,113.1,98.7,98.1,69.8,66.8,144.05130842638042
2024,TCU 9,Utah St. 8,16.04,14.89,114.7,116.0,98.7,101.1,69.8,68.9,162.80045222658285
2024,TCU 9,Grand Canyon 12,16.04,14.84,114.7,112.9,98.7,98.1,69.8,68.5,166.03529372597808
2024,N.C. State 11,Oklahoma,15.9,15.77,114.3,114.1,98.4,98.4,68.0,67.1,165.37818672680447
2024,N.C. State 11,Florida Atlantic 8,15.9,15.74,114.3,117.8,98.4,102.1,68.0,68.3,161.0306661633361
2024,N.C. State 11,Utah,15.9,15.41,114.3,114.6,98.4,99.2,68.0,70.0,155.78092740956342
2024,N.C. State 11,Ohio St.,15.9,15.19,114.3,115.2,98.4,100.0,68.0,66.5,152.14555022610298
2024,N.C. State 11,Seton Hall,15.9,15.03,114.3,113.1,98.4,98.1,68.0,66.8,155.22590186094575
2024,N.C. State 11,Utah St. 8,15.9,14.89,114.3,116.0,98.4,101.1,68.0,68.9,146.1824808238916
2024,N.C. State 11,Grand Canyon 12,15.9,14.84,114.3,112.9,98.4,98.1,68.0,68.5,146.6715585892296
2024,N.C. State 11,Drake 10,15.9,14.53,114.3,115.1,98.4,100.5,68.0,68.0,161.67769469400025
2024,N.C. State 11,South Carolina 6,15.9,14.4,114.3,114.9,98.4,100.5,68.0,63.2,148.25779919089055
2024,Florida Atlantic 8,Utah,15.74,15.41,117.8,114.6,102.1,99.2,68.3,70.0,149.37528268415448
2024,Florida Atlantic 8,Ohio St.,15.74,15.19,117.8,115.2,102.1,100.0,68.3,66.5,166.35434351756388
2024,Florida Atlantic 8,Seton Hall,15.74,15.03,117.8,113.1,102.1,98.1,68.3,66.8,141.34346939537116
2024,Florida Atlantic 8,Utah St. 8,15.74,14.89,117.8,116.0,102.1,101.1,68.3,68.9,162.84600704432083
2024,Florida Atlantic 8,Grand Canyon 12,15.74,14.84,117.8,112.9,102.1,98.1,68.3,68.5,143.94212318716689
2024,Florida Atlantic 8,Drake 10,15.74,14.53,117.8,115.1,102.1,100.5,68.3,68.0,150.54711926477677
2024,Florida Atlantic 8,South Carolina 6,15.74,14.4,117.8,114.9,102.1,100.5,68.3,63.2,164.3609090380088
2024,Florida Atlantic 8,Oregon 11,15.74,14.19,117.8,114.7,102.1,100.5,68.3,67.3,145.78267226547948
2024,Florida Atlantic 8,Xavier,15.74,14.17,117.8,113.2,102.1,99.0,68.3,71.2,167.56546799962263
2024,Ohio St.,Seton Hall,15.19,15.03,115.2,113.1,100.0,98.1,66.5,66.8,147.3696568936317
2024,Ohio St.,Utah St. 8,15.19,14.89,115.2,116.0,100.0,101.1,66.5,68.9,167.35846053258166
2024,Ohio St.,Grand Canyon 12,15.19,14.84,115.2,112.9,100.0,98.1,66.5,68.5,159.64966870869034
2024,Ohio St.,Drake 10,15.19,14.53,115.2,115.1,100.0,100.5,66.5,68.0,147.08855885107545
2024,Ohio St.,South Carolina 6,15.19,14.4,115.2,114.9,100.0,100.5,66.5,63.2,135.15915380881083
2024,Ohio St.,Oregon 11,15.19,14.19,115.2,114.7,100.0,100.5,66.5,67.3,150.76552393817065
2024,Ohio St.,Xavier,15.19,14.17,115.2,113.2,100.0,99.0,66.5,71.2,165.83582245546546
2024,Ohio St.,Iowa,15.19,14.15,115.2,119.6,100.0,105.4,66.5,71.8,171.77345268637566
2024,Ohio St.,Virginia Tech,15.19,14.08,115.2,115.8,100.0,101.7,66.5,68.0,145.27676401205122
2025,Duke 1,Houston 1,39.29,36.59,130.1,123.4,90.8,86.8,66.0,61.9,174.59246160783434
2025,Duke 1,Florida 1,39.29,36.46,130.1,128.2,90.8,91.8,66.0,70.1,180.61962509666031
2025,Duke 1,Auburn 1,39.29,35.05,130.1,127.2,90.8,92.1,66.0,68.2,185.4856142874733
2025,Duke 1,Tennessee 2,39.29,30.93,130.1,120.7,90.8,89.7,66.0,63.7,155.03694473780217
2025,Duke 1,Alabama 2,39.29,30.34,130.1,126.8,90.8,96.5,66.0,75.3,170.01457682474012
2025,Duke 1,Michigan St. 2,39.29,28.48,130.1,118.8,90.8,90.4,66.0,67.5,162.2959765773456
2025,Duke 1,Gonzaga 8,39.29,28.01,130.1,124.7,90.8,96.7,66.0,70.5,183.35820472200885
2025,Duke 1,Texas Tech 3,39.29,27.92,130.1,125.4,90.8,97.5,66.0,66.1,170.7686313259714
2025,Duke 1,Maryland 4,39.29,27.07,130.1,118.9,90.8,91.9,66.0,69.6,171.4163871353178
2025,Florida 1,Auburn 1,36.46,35.05,128.2,127.2,91.8,92.1,70.1,68.2,183.17965345766345
2025,Florida 1,Tennessee 2,36.46,30.93,128.2,120.7,91.8,89.7,70.1,63.7,169.99807864133157
2025,Florida 1,Alabama 2,36.46,30.34,128.2,126.8,91.8,96.5,70.1,75.3,199.5437066909864
2025,Florida 1,Michigan St. 2,36.46,28.48,128.2,118.8,91.8,90.4,70.1,67.5,158.5348522126318
2025,Florida 1,Gonzaga 8,36.46,28.01,128.2,124.7,91.8,96.7,70.1,70.5,173.92631424838976
2025,Florida 1,Texas Tech 3,36.46,27.92,128.2,125.4,91.8,97.5,70.1,66.1,171.17991486474168
2025,Florida 1,Maryland 4,36.46,27.07,128.2,118.9,91.8,91.9,70.1,69.6,167.40663025996295
2025,Florida 1,Iowa St. 3,36.46,26.65,128.2,119.8,91.8,93.2,70.1,68.8,184.95571138125507
2025,Florida 1,Wisconsin 3,36.46,26.57,128.2,122.9,91.8,96.3,70.1,68.0,168.48171156025214
2025,Tennessee 2,Alabama 2,30.93,30.34,120.7,126.8,89.7,96.5,63.7,75.3,161.0044402679504
2025,Tennessee 2,Michigan St. 2,30.93,28.48,120.7,118.8,89.7,90.4,63.7,67.5,144.3462268161301
2025,Tennessee 2,Gonzaga 8,30.93,28.01,120.7,124.7,89.7,96.7,63.7,70.5,178.75195096406438
2025,Tennessee 2,Texas Tech 3,30.93,27.92,120.7,125.4,89.7,97.5,63.7,66.1,160.66908552795388
2025,Tennessee 2,Maryland 4,30.93,27.07,120.7,118.9,89.7,91.9,63.7,69.6,174.66384536908953
2025,Tennessee 2,Iowa St. 3,30.93,26.65,120.7,119.8,89.7,93.2,63.7,68.8,144.7123994835844
2025,Tennessee 2,Wisconsin 3,30.93,26.57,120.7,122.9,89.7,96.3,63.7,68.0,150.3054426115448
2025,Tennessee 2,Arizona 4,30.93,26.35,120.7,123.7,89.7,97.3,63.7,70.3,173.66586550899208
2025,Tennessee 2,St. John's 2,30.93,26.06,120.7,114.0,89.7,88.0,63.7,70.0,149.77932872371184
2025,Michigan St. 2,Gonzaga 8,28.48,28.01,118.8,124.7,90.4,96.7,67.5,70.5,171.77518599176722
2025,Michigan St. 2,Texas Tech 3,28.48,27.92,118.8,125.4,90.4,97.5,67.5,66.1,171.0732245240871
2025,Michigan St. 2,Maryland 4,28.48,27.07,118.8,118.9,90.4,91.9,67.5,69.6,170.6492317375126
2025,Michigan St. 2,Iowa St. 3,28.48,26.65,118.8,119.8,90.4,93.2,67.5,68.8,167.85421900777393
2025,Michigan St. 2,Wisconsin 3,28.48,26.57,118.8,122.9,90.4,96.3,67.5,68.0,153.19455224276044
2025,Michigan St. 2,Arizona 4,28.48,26.35,118.8,123.7,90.4,97.3,67.5,70.3,167.89328903851566
2025,Michigan St. 2,St. John's 2,28.48,26.06,118.8,114.0,90.4,88.0,67.5,70.0,163.42613068911328
2025,Michigan St. 2,Purdue 4,28.48,25.36,118.8,124.6,90.4,99.2,67.5,65.1,169.95275408015561
2025,Michigan St. 2,Kentucky 3,28.48,24.54,118.8,123.7,90.4,99.2,67.5,70.9,166.6469320728773
2025,Texas Tech 3,Maryland 4,27.92,27.07,125.4,118.9,97.5,91.9,66.1,69.6,172.23147485474823
2025,Texas Tech 3,Iowa St. 3,27.92,26.65,125.4,119.8,97.5,93.2,66.1,68.8,160.98382012565185
2025,Texas Tech 3,Wisconsin 3,27.92,26.57,125.4,122.9,97.5,96.3,66.1,68.0,179.25735900359385
2025,Texas Tech 3,Arizona 4,27.92,26.35,125.4,123.7,97.5,97.3,66.1,70.3,173.99785690064942
2025,Texas Tech 3,St. John's 2,27.92,26.06,125.4,114.0,97.5,88.0,66.1,70.0,169.44348206964438
2025,Texas Tech 3,Purdue 4,27.92,25.36,125.4,124.6,97.5,99.2,66.1,65.1,157.78178007832184
2025,Texas Tech 3,Kentucky 3,27.92,24.54,125.4,123.7,97.5,99.2,66.1,70.9,170.94018164383576
2025,Texas Tech 3,Illinois 6,27.92,24.32,125.4,121.9,97.5,97.6,66.1,71.5,162.07459162410981
2025,Texas Tech 3,Texas A&M 4,27.92,23.66,125.4,116.5,97.5,92.9,66.1,66.8,151.93328376226145
2025,Iowa St. 3,Wisconsin 3,26.65,26.57,119.8,122.9,93.2,96.3,68.8,68.0,162.94648952737447
2025,Iowa St. 3,Arizona 4,26.65,26.35,119.8,123.7,93.2,97.3,68.8,70.3,154.65078641152573
2025,Iowa St. 3,St. John's 2,26.65,26.06,119.8,114.0,93.2,88.0,68.8,70.0,160.51094314780565
2025,Iowa St. 3,Purdue 4,26.65,25.36,119.8,124.6,93.2,99.2,68.8,65.1,155.39402139750513
2025,Iowa St. 3,Kentucky 3,26.65,24.54,119.8,123.7,93.2,99.2,68.8,70.9,178.05522005675223
2025,Iowa St. 3,Illinois 6,26.65,24.32,119.8,121.9,93.2,97.6,68.8,71.5,156.69152749726214
2025,Iowa St. 3,Texas A&M 4,26.65,23.66,119.8,116.5,93.2,92.9,68.8,66.8,170.40974280966276
2025,Iowa St. 3,Missouri 6,26.65,23.57,119.8,124.4,93.2,100.8,68.8,68.6,178.26994887766188
2025,Iowa St. 3,UCLA 7,26.65,23.46,119.8,117.3,93.2,93.8,68.8,65.0,161.19668915103938
2025,Arizona 4,St. John's 2,26.35,26.06,123.7,114.0,97.3,88.0,70.3,70.0,170.541491480217
2025,Arizona 4,Purdue 4,26.35,25.36,123.7,124.6,97.3,99.2,70.3,65.1,154.5415274373596
2025,Arizona 4,Kentucky 3,26.35,24.54,123.7,123.7,97.3,99.2,70.3,70.9,167.92670635605876
2025,Arizona 4,Illinois 6,26.35,24.32,123.7,121.9,97.3,97.6,70.3,71.5,172.01733439295725
2025,Arizona 4,Texas A&M 4,26.35,23.66,123.7,116.5,97.3,92.9,70.3,66.8,170.93419967401346
2025,Arizona 4,Missouri 6,26.35,23.57,123.7,124.4,97.3,100.8,70.3,68.6,157.52000209101647
2025,Arizona 4,UCLA 7,26.35,23.46,123.7,117.3,97.3,93.8,70.3,65.0,149.65017672998567
2025,Arizona 4,Michigan 5,26.35,23.45,123.7,116.5,97.3,93.1,70.3,70.1,159.03554662665184
2025,Arizona 4,Mississippi 6,26.35,23.34,123.7,119.1,97.3,95.8,70.3,68.1,182.0898266590786
2025,Purdue 4,Kentucky 3,25.36,24.54,124.6,123.7,99.2,99.2,65.1,70.9,154.28836321173097
2025,Purdue 4,Illinois 6,25.36,24.32,124.6,121.9,99.2,97.6,65.1,71.5,182.86001697684515
2025,Purdue 4,Texas A&M 4,25.36,23.66,124.6,116.5,99.2,92.9,65.1,66.8,171.1314711709111
2025,Purdue 4,Missouri 6,25.36,23.57,124.6,124.4,99.2,100.8,65.1,68.6,177.34663627850924
2025,Purdue 4,UCLA 7,25.36,23.46,124.6,117.3,99.2,93.8,65.1,65.0,155.21331288482295
2025,Purdue 4,Michigan 5,25.36,23.45,124.6,116.5,99.2,93.1,65.1,70.1,170.57975244071181
2025,Purdue 4,Mississippi 6,25.36,23.34,124.6,119.1,99.2,95.8,65.1,68.1,173.0430107872963
2025,Purdue 4,Clemson 5,25.36,23.22,124.6,118.2,99.2,95.0,65.1,64.6,145.06980926089847
2025,Purdue 4,Kansas 7,25.36,22.94,124.6,115.9,99.2,93.0,65.1,68.6,146.62136367699728
2025,Illinois 6,Texas A&M 4,24.32,23.66,121.9,116.5,97.6,92.9,71.5,66.8,169.0515610075642
2025,Illinois 6,Missouri 6,24.32,23.57,121.9,124.4,97.6,100.8,71.5,68.6,163.52896814829055
2025,Illinois 6,UCLA 7,24.32,23.46,121.9,117.3,97.6,93.8,71.5,65.0,153.90300458512166
2025,Illinois 6,Michigan 5,24.32,23.45,121.9,116.5,97.6,93.1,71.5,70.1,180.89279025727245
2025,Illinois 6,Mississippi 6,24.32,23.34,121.9,119.1,97.6,95.8,71.5,68.1,167.48660105992155
2025,Illinois 6,Clemson 5,24.32,23.22,121.9,118.2,97.6,95.0,71.5,64.6,176.021167567405
2025,Illinois 6,Kansas 7,24.32,22.94,121.9,115.9,97.6,93.0,71.5,68.6,169.17929964619327
2025,Illinois 6,Saint Mary's 7,24.32,22.73,121.9,114.7,97.6,92.0,71.5,61.7,151.2270062608811
2025,Illinois 6,BYU 6,24.32,22.31,121.9,124.1,97.6,101.8,71.5,67.6,179.84620056552046
2025,Missouri 6,UCLA 7,23.57,23.46,124.4,117.3,100.8,93.8,68.6,65.0,152.35309306001722
2025,Missouri 6,Michigan 5,23.57,23.45,124.4,116.5,100.8,93.1,68.6,70.1,153.4670476498074
2025,Missouri 6,Mississippi 6,23.57,23.34,124.4,119.1,100.8,95.8,68.6,68.1,180.28839868458272
2025,Missouri 6,Clemson 5,23.57,23.22,124.4,118.2,100.8,95.0,68.6,64.6,176.0419680736524
2025,Missouri 6,Kansas 7,23.57,22.94,124.4,115.9,100.8,93.0,68.6,68.6,179.37425156785912
2025,Missouri 6,Saint Mary's 7,23.57,22.73,124.4,114.7,100.8,92.0,68.6,61.7,166.9163874684891
2025,Missouri 6,BYU 6,23.57,22.31,124.4,124.1,100.8,101.8,68.6,67.6,160.569478650692
2025,Missouri 6,Oregon 5,23.57,21.85,124.4,117.6,100.8,95.8,68.6,68.1,178.20568352384856
2025,Missouri 6,Louisville 8,23.57,21.73,124.4,118.1,100.8,96.3,68.6,69.1,180.38411924435712
2025,Michigan 5,Mississippi 6,23.45,23.34,116.5,119.1,93.1,95.8,70.1,68.1,162.58570181724548
2025,Michigan 5,Clemson 5,23.45,23.22,116.5,118.2,93.1,95.0,70.1,64.6,167.37350524053915
2025,Michigan 5,Kansas 7,23.45,22.94,116.5,115.9,93.1,93.0,70.1,68.6,152.40778518865838
2025,Michigan 5,Saint Mary's 7,23.45,22.73,116.5,114.7,93.1,92.0,70.1,61.7,153.3115766598429
2025,Michigan 5,BYU 6,23.45,22.31,116.5,124.1,93.1,101.8,70.1,67.6,173.9945101892956
2025,Michigan 5,Oregon 5,23.45,21.85,116.5,117.6,93.1,95.8,70.1,68.1,167.57058439789796
2025,Michigan 5,Louisville 8,23.45,21.73,116.5,118.1,93.1,96.3,70.1,69.1,170.18212027444395
2025,Michigan 5,Marquette 7,23.45,21.01,116.5,117.4,93.1,96.4,70.1,67.7,154.9992791873983
2025,Michigan 5,Baylor 9,23.45,20.83,116.5,121.3,93.1,100.4,70.1,64.6,164.63475086613897
2025,Clemson 5,Kansas 7,23.22,22.94,118.2,115.9,95.0,93.0,64.6,68.6,151.69653085869453
2025,Clemson 5,Saint Mary's 7,23.22,22.73,118.2,114.7,95.0,92.0,64.6,61.7,149.87021171464994
2025,Clemson 5,BYU 6,23.22,22.31,118.2,124.1,95.0,101.8,64.6,67.6,153.52320927351224
2025,Clemson 5,Oregon 5,23.22,21.85,118.2,117.6,95.0,95.8,64.6,68.1,152.40036262800055
2025,Clemson 5,Louisville 8,23.22,21.73,118.2,118.1,95.0,96.3,64.6,69.1,155.98330614824204
2025,Clemson 5,Marquette 7,23.22,21.01,118.2,117.4,95.0,96.4,64.6,67.7,159.48321747554226
2025,Clemson 5,Baylor 9,23.22,20.83,118.2,121.3,95.0,100.4,64.6,64.6,158.36779227949128
2025,Clemson 5,North Carolina 11,23.22,20.33,118.2,119.2,95.0,98.9,64.6,70.7,158.2539563760733
2025,Clemson 5,Connecticut 8,23.22,20.18,118.2,121.6,95.0,101.4,64.6,64.0,145.80398258500296
2025,Saint Mary's 7,BYU 6,22.73,22.31,114.7,124.1,92.0,101.8,61.7,67.6,150.7376785245554
2025,Saint Mary's 7,Oregon 5,22.73,21.85,114.7,117.6,92.0,95.8,61.7,68.1,165.365557215248
2025,Saint Mary's 7,Louisville 8,22.73,21.73,114.7,118.1,92.0,96.3,61.7,69.1,163.85784209431597
2025,Saint Mary's 7,Marquette 7,22.73,21.01,114.7,117.4,92.0,96.4,61.7,67.7,161.88007177131814
2025,Saint Mary's 7,Baylor 9,22.73,20.83,114.7,121.3,92.0,100.4,61.7,64.6,141.55579350193253
2025,Saint Mary's 7,North Carolina 11,22.73,20.33,114.7,119.2,92.0,98.9,61.7,70.7,145.10280273832063
2025,Saint Mary's 7,Connecticut 8,22.73,20.18,114.7,121.6,92.0,101.4,61.7,64.0,163.16013174729935
2025,Saint Mary's 7,Mississippi St. 8,22.73,20.02,114.7,118.9,92.0,98.8,61.7,68.3,162.3724757119716
2025,Saint Mary's 7,VCU 11,22.73,19.53,114.7,116.0,92.0,96.5,61.7,66.3,157.9904994676924
2025,Oregon 5,Louisville 8,21.85,21.73,117.6,118.1,95.8,96.3,68.1,69.1,152.11910463104
2025,Oregon 5,Marquette 7,21.85,21.01,117.6,117.4,95.8,96.4,68.1,67.7,156.90332458981564
2025,Oregon 5,Baylor 9,21.85,20.83,117.6,121.3,95.8,100.4,68.1,64.6,171.64932045413508
2025,Oregon 5,North Carolina 11,21.85,20.33,117.6,119.2,95.8,98.9,68.1,70.7,150.36719176208004
2025,Oregon 5,Connecticut 8,21.85,20.18,117.6,121.6,95.8,101.4,68.1,64.0,163.820700506845
2025,Oregon 5,Mississippi St. 8,21.85,20.02,117.6,118.9,95.8,98.8,68.1,68.3,161.45372145023694
2025,Oregon 5,VCU 11,21.85,19.53,117.6,116.0,95.8,96.5,68.1,66.3,163.39827305081025
2025,Oregon 5,Creighton 9,21.85,19.44,117.6,117.8,95.8,98.3,68.1,67.3,172.42163494259546
2025,Oregon 5,Arkansas 10,21.85,19.33,117.6,114.4,95.8,95.1,68.1,69.4,151.5179391699926
2025,Marquette 7,Baylor 9,21.01,20.83,117.4,121.3,96.4,100.4,67.7,64.6,144.95848369185467
2025,Marquette 7,North Carolina 11,21.01,20.33,117.4,119.2,96.4,98.9,67.7,70.7,177.55769668196024
2025,Marquette 7,Connecticut 8,21.01,20.18,117.4,121.6,96.4,101.4,67.7,64.0,154.83883988002782
2025,Marquette 7,Mississippi St. 8,21.01,20.02,117.4,118.9,96.4,98.8,67.7,68.3,166.9203683401405
2025,Marquette 7,VCU 11,21.01,19.53,117.4,116.0,96.4,96.5,67.7,66.3,155.49954966831345
2025,Marquette 7,Creighton 9,21.01,19.44,117.4,117.8,96.4,98.3,67.7,67.3,167.33569629310935
2025,Marquette 7,Arkansas 10,21.01,19.33,117.4,114.4,96.4,95.1,67.7,69.4,164.36255937262538
2025,Marquette 7,Ohio St.,21.01,19.08,117.4,118.2,96.4,99.1,67.7,67.3,148.69870924258493
2025,Marquette 7,Georgia 9,21.01,18.57,117.4,115.3,96.4,96.8,67.7,66.7,143.4946494965239
2025,North Carolina 11,Connecticut 8,20.33,20.18,119.2,121.6,98.9,101.4,70.7,64.0,149.52324636640316
2025,North Carolina 11,Mississippi St. 8,20.33,20.02,119.2,118.9,98.9,98.8,70.7,68.3,162.45409480736956
2025,North Carolina 11,VCU 11,20.33,19.53,119.2,116.0,98.9,96.5,70.7,66.3,166.36428870425874
2025,North Carolina 11,Creighton 9,20.33,19.44,119.2,117.8,98.9,98.3,70.7,67.3,151.54362688116825
2025,North Carolina 11,Arkansas 10,20.33,19.33,119.2,114.4,98.9,95.1,70.7,69.4,158.88685623897416
2025,North Carolina 11,Ohio St.,20.33,19.08,119.2,118.2,98.9,99.1,70.7,67.3,149.58592917173894
2025,North Carolina 11,Georgia 9,20.33,18.57,119.2,115.3,98.9,96.8,70.7,66.7,163.51394719857313
2025,North Carolina 11,UC San Diego 12,20.33,18.25,119.2,115.0,98.9,96.7,70.7,65.8,155.29370023404016
2025,North Carolina 11,Oklahoma 9,20.33,17.95,119.2,118.2,98.9,100.3,70.7,68.8,162.36648756030732
2025,Mississippi St. 8,VCU 11,20.02,19.53,118.9,116.0,98.8,96.5,68.3,66.3,153.01168602066534
2025,Mississippi St. 8,Creighton 9,20.02,19.44,118.9,117.8,98.8,98.3,68.3,67.3,149.05020202448068
2025,Mississippi St. 8,Arkansas 10,20.02,19.33,118.9,114.4,98.8,95.1,68.3,69.4,156.08197220533782
2025,Mississippi St. 8,Ohio St.,20.02,19.08,118.9,118.2,98.8,99.1,68.3,67.3,162.1840940338545
2025,Mississippi St. 8,Georgia 9,20.02,18.57,118.9,115.3,98.8,96.8,68.3,66.7,150.65756225615198
2025,Mississippi St. 8,UC San Diego 12,20.02,18.25,118.9,115.0,98.8,96.7,68.3,65.8,149.85309224306377
2025,Mississippi St. 8,Oklahoma 9,20.02,17.95,118.9,118.2,98.8,100.3,68.3,68.8,148.9328549976898
2025,Mississippi St. 8,New Mexico 10,20.02,17.78,118.9,112.9,98.8,95.1,68.3,72.5,152.4192013857707
2025,Mississippi St. 8,Colorado St. 12,20.02,17.61,118.9,116.8,98.8,99.2,68.3,66.0,156.59483861971935
2025,Creighton 9,Arkansas 10,19.44,19.33,117.8,114.4,98.3,95.1,67.3,69.4,145.62529723754722
2025,Creighton 9,Ohio St.,19.44,19.08,117.8,118.2,98.3,99.1,67.3,67.3,171.74447629865037
2025,Creighton 9,Georgia 9,19.44,18.57,117.8,115.3,98.3,96.8,67.3,66.7,163.55314953293285
2025,Creighton 9,UC San Diego 12,19.44,18.25,117.8,115.0,98.3,96.7,67.3,65.8,163.9234099569677
2025,Creighton 9,Oklahoma 9,19.44,17.95,117.8,118.2,98.3,100.3,67.3,68.8,150.28358766350468
2025,Creighton 9,New Mexico 10,19.44,17.78,117.8,112.9,98.3,95.1,67.3,72.5,154.42844131760978
2025,Creighton 9,Colorado St. 12,19.44,17.61,117.8,116.8,98.3,99.2,67.3,66.0,152.79590397678453
2025,Creighton 9,Xavier 11,19.44,17.19,117.8,116.2,98.3,99.0,67.3,69.2,150.07293423964936
2025,Creighton 9,Northwestern,19.44,17.02,117.8,114.3,98.3,97.3,67.3,65.2,143.24934105833788
2025,Ohio St.,Georgia 9,19.08,18.57,118.2,115.3,99.1,96.8,67.3,66.7,154.2343983877606
2025,Ohio St.,UC San Diego 12,19.08,18.25,118.2,115.0,99.1,96.7,67.3,65.8,147.14579325262898
2025,Ohio St.,Oklahoma 9,19.08,17.95,118.2,118.2,99.1,100.3,67.3,68.8,147.95394766577124
2025,Ohio St.,New Mexico 10,19.08,17.78,118.2,112.9,99.1,95.1,67.3,72.5,153.71229791930512
2025,Ohio St.,Colorado St. 12,19.08,17.61,118.2,116.8,99.1,99.2,67.3,66.0,145.60565324521673
2025,Ohio St.,Xavier 11,19.08,17.19,118.2,116.2,99.1,99.0,67.3,69.2,151.2869950470808
2025,Ohio St.,Northwestern,19.08,17.02,118.2,114.3,99.1,97.3,67.3,65.2,153.80566641388674
2025,Ohio St.,Indiana,19.08,16.98,118.2,114.2,99.1,97.2,67.3,68.2,166.50296455979742
2025,Ohio St.,Nebraska,19.08,16.98,118.2,114.7,99.1,97.7,67.3,67.8,161.58024467595615
2025,UC San Diego 12,Oklahoma 9,18.25,17.95,115.0,118.2,96.7,100.3,65.8,68.8,145.21878173165143
2025,UC San Diego 12,New Mexico 10,18.25,17.78,115.0,112.9,96.7,95.1,65.8,72.5,171.8241749574977
2025,UC San Diego 12,Colorado St. 12,18.25,17.61,115.0,116.8,96.7,99.2,65.8,66.0,148.81399431416142
2025,UC San Diego 12,Xavier 11,18.25,17.19,115.0,116.2,96.7,99.0,65.8,69.2,142.21255700678017
2025,UC San Diego 12,Northwestern,18.25,17.02,115.0,114.3,96.7,97.3,65.8,65.2,142.15872026346312
2025,UC San Diego 12,Indiana,18.25,16.98,115.0,114.2,96.7,97.2,65.8,68.2,142.37454539165935
2025,UC San Diego 12,Nebraska,18.25,16.98,115.0,114.7,96.7,97.7,65.8,67.8,147.58990670811608
2025,UC San Diego 12,Texas 11,18.25,16.9,115.0,117.3,96.7,100.4,65.8,67.6,155.55255105776982
2025,UC San Diego 12,Vanderbilt 10,18.25,16.23,115.0,117.8,96.7,101.6,65.8,69.5,164.30575723907765
2025,New Mexico 10,Colorado St. 12,17.78,17.61,112.9,116.8,95.1,99.2,72.5,66.0,149.62589139590528
2025,New Mexico 10,Xavier 11,17.78,17.19,112.9,116.2,95.1,99.0,72.5,69.2,158.61821493589179
2025,New Mexico 10,Northwestern,17.78,17.02,112.9,114.3,95.1,97.3,72.5,65.2,155.19193926882758
2025,New Mexico 10,Indiana,17.78,16.98,112.9,114.2,95.1,97.2,72.5,68.2,157.63498459249908
2025,New Mexico 10,Nebraska,17.78,16.98,112.9,114.7,95.1,97.7,72.5,67.8,158.82330973625906
2025,New Mexico 10,Texas 11,17.78,16.9,112.9,117.3,95.1,100.4,72.5,67.6,157.76785939696646
2025,New Mexico 10,Vanderbilt 10,17.78,16.23,112.9,117.8,95.1,101.6,72.5,69.5,170.02109965772235
2025,New Mexico 10,Boise St.,17.78,16.04,112.9,116.9,95.1,100.9,72.5,66.0,158.8635786870954
2025,New Mexico 10,SMU,17.78,15.42,112.9,116.2,95.1,100.8,72.5,68.9,175.79271351543304
2025,Xavier 11,Northwestern,17.19,17.02,116.2,114.3,99.0,97.3,69.2,65.2,145.41148468475626
2025,Xavier 11,Indiana,17.19,16.98,116.2,114.2,99.0,97.2,69.2,68.2,147.74314361077074
2025,Xavier 11,Nebraska,17.19,16.98,116.2,114.7,99.0,97.7,69.2,67.8,156.27742898498397
2025,Xavier 11,Texas 11,17.19,16.9,116.2,117.3,99.0,100.4,69.2,67.6,150.76070205698278
2025,Xavier 11,Vanderbilt 10,17.19,16.23,116.2,117.8,99.0,101.6,69.2,69.5,158.1417419730017
2025,Xavier 11,Boise St.,17.19,16.04,116.2,116.9,99.0,100.9,69.2,66.0,166.6103397556513
2025,Xavier 11,SMU,17.19,15.42,116.2,116.2,99.0,100.8,69.2,68.9,165.05966944217238
2025,Xavier 11,San Diego St. 11,17.19,15.13,116.2,109.8,99.0,94.6,69.2,66.3,144.71358965635793
2025,Xavier 11,Drake 11,17.19,15.12,116.2,112.9,99.0,97.8,69.2,59.4,143.83372225286917
2025,Indiana,Nebraska,16.98,16.98,114.2,114.7,97.2,97.7,68.2,67.8,144.03935849765205
2025,Indiana,Texas 11,16.98,16.9,114.2,117.3,97.2,100.4,68.2,67.6,167.18916279370868
2025,Indiana,Vanderbilt 10,16.98,16.23,114.2,117.8,97.2,101.6,68.2,69.5,156.20980262511196
2025,Indiana,Boise St.,16.98,16.04,114.2,116.9,97.2,100.9,68.2,66.0,163.5693686559157
2025,Indiana,SMU,16.98,15.42,114.2,116.2,97.2,100.8,68.2,68.9,159.131948565751
2025,Indiana,San Diego St. 11,16.98,15.13,114.2,109.8,97.2,94.6,68.2,66.3,153.53085214332566
2025,Indiana,Drake 11,16.98,15.12,114.2,112.9,97.2,97.8,68.2,59.4,141.6566466414189
2025,Indiana,West Virginia,16.98,15.11,114.2,109.0,97.2,93.9,68.2,64.3,141.1052449038237
2025,Indiana,Memphis 5,16.98,15.1,114.2,113.4,97.2,98.3,68.2,71.0,172.0325080261419
2025,Texas 11,Vanderbilt 10,16.9,16.23,117.3,117.8,100.4,101.6,67.6,69.5,160.2012529073114
2025,Texas 11,Boise St.,16.9,16.04,117.3,116.9,100.4,100.9,67.6,66.0,158.60333940356978
2025,Texas 11,SMU,16.9,15.42,117.3,116.2,100.4,100.8,67.6,68.9,162.98960673966698
2025,Texas 11,San Diego St. 11,16.9,15.13,117.3,109.8,100.4,94.6,67.6,66.3,159.92160712153577
2025,Texas 11,Drake 11,16.9,15.12,117.3,112.9,100.4,97.8,67.6,59.4,154.07698222304344
2025,Texas 11,West Virginia,16.9,15.11,117.3,109.0,100.4,93.9,67.6,64.3,160.40877638945926
2025,Texas 11,Memphis 5,16.9,15.1,117.3,113.4,100.4,98.3,67.6,71.0,151.92661347769203
2025,Texas 11,Cincinnati,16.9,14.86,117.3,110.6,100.4,95.8,67.6,66.1,156.4357990678199
2025,Texas 11,Villanova,16.9,14.74,117.3,118.6,100.4,103.8,67.6,63.4,147.05766745287045
2025,Boise St.,SMU,16.04,15.42,116.9,116.2,100.9,100.8,66.0,68.9,158.2676812640188
2025,Boise St.,San Diego St. 11,16.04,15.13,116.9,109.8,100.9,94.6,66.0,66.3,157.40621017415856
2025,Boise St.,Drake 11,16.04,15.12,116.9,112.9,100.9,97.8,66.0,59.4,158.12686563678872
2025,Boise St.,West Virginia,16.04,15.11,116.9,109.0,100.9,93.9,66.0,64.3,137.63470810818708
2025,Boise St.,Memphis 5,16.04,15.1,116.9,113.4,100.9,98.3,66.0,71.0,164.51475431624468
2025,Boise St.,Cincinnati,16.04,14.86,116.9,110.6,100.9,95.8,66.0,66.1,153.95246356507027
2025,Boise St.,Villanova,16.04,14.74,116.9,118.6,100.9,103.8,66.0,63.4,165.87877282728732
2025,Boise St.,USC,16.04,14.39,116.9,116.6,100.9,102.2,66.0,68.6,164.66649892625458
2025,Boise St.,Penn St.,16.04,14.36,116.9,115.2,100.9,100.8,66.0,70.1,149.5227767310875
