team,season,games_played,goals_for,goals_against,goals_per_game,goals_against_per_game,xgoals_for,xgoals_against,xgoals_per_game,xgoals_against_per_game,goals_above_expected,shots_per_game,shots_against_per_game,shot_attempts_per_game,shot_attempts_against_per_game,shooting_pct,save_pct,faceoff_win_pct,corsi_for_pct,fenwick_for_pct,xgoals_pct,pdo,high_danger_shots_for,high_danger_shots_against,high_danger_goals_for,high_danger_goals_against,hd_shooting_pct,hd_save_pct,medium_danger_shots_for,medium_danger_shots_against,low_danger_shots_for,low_danger_shots_against,rebound_goals_for,rebound_goals_against,rebounds_for,rebounds_against,penalties_for,penalties_against,penalty_minutes_for,penalty_minutes_against,power_play_pct,penalty_kill_pct,win_pct
t.b,20202021,56,180.0,145.0,3.2142857142857144,2.5892857142857144,166.29,149.27,2.9694642857142854,2.6655357142857143,13.710000000000008,30.142857142857142,28.214285714285715,52.69642857142857,48.69642857142857,10.66350710900474,0.9082278481012658,50.112,0.52,0.52,0.53,101.48629191913132,168.0,122.0,77.0,38.0,45.83333333333333,0.6885245901639344,445.0,472.0,1670.0,1502.0,29.0,18.0,110.0,97.0,220.0,214.0,515.0,517.0,20.0,80.0,0.6
cbj,20202021,56,134.0,184.0,2.392857142857143,3.2857142857142856,127.08,165.35,2.269285714285714,2.9526785714285713,6.920000000000002,29.017857142857142,32.410714285714285,49.732142857142854,57.80357142857143,8.246153846153845,0.8986225895316804,45.329849771391245,0.46,0.47,0.43,98.10841279932188,104.0,159.0,29.0,67.0,27.884615384615387,0.5786163522012578,353.0,429.0,1702.0,1860.0,26.0,35.0,107.0,124.0,141.0,135.0,309.0,291.0,20.0,80.0,0.0
ana,20202021,56,124.0,177.0,2.2142857142857144,3.1607142857142856,128.14,157.87,2.2882142857142855,2.819107142857143,-4.139999999999986,26.785714285714285,30.589285714285715,51.964285714285715,55.339285714285715,8.266666666666666,0.8966725043782837,51.02629890955741,0.48,0.48,0.45,97.93391710449504,110.0,154.0,32.0,58.0,29.09090909090909,0.6233766233766234,372.0,431.0,1675.0,1778.0,17.0,29.0,105.0,153.0,203.0,156.0,460.0,380.0,20.0,80.0,0.0
chi,20202021,56,159.0,184.0,2.8392857142857144,3.2857142857142856,137.89,161.43,2.4623214285714283,2.8826785714285714,21.110000000000014,29.107142857142858,33.55357142857143,50.625,57.660714285714285,9.754601226993866,0.902075572112826,46.32731958762887,0.47,0.46,0.46,99.96215843827646,118.0,154.0,44.0,68.0,37.28813559322034,0.5584415584415585,403.0,457.0,1559.0,1849.0,20.0,37.0,91.0,139.0,159.0,181.0,344.0,384.0,20.0,80.0,0.0
nyr,20202021,56,176.0,155.0,3.142857142857143,2.767857142857143,148.35,147.73,2.649107142857143,2.638035714285714,27.650000000000006,28.714285714285715,29.732142857142858,51.482142857142854,55.357142857142854,10.945273631840797,0.9069069069069069,44.49950445986125,0.48,0.49,0.5,101.63596432253148,149.0,145.0,65.0,54.0,43.624161073825505,0.6275862068965516,402.0,403.0,1669.0,1787.0,28.0,18.0,110.0,100.0,203.0,219.0,474.0,499.0,20.0,80.0,0.6
wsh,20202021,56,188.0,161.0,3.357142857142857,2.875,147.29,147.26,2.6301785714285715,2.629642857142857,40.71000000000001,29.410714285714285,28.785714285714285,53.660714285714285,52.82142857142857,11.414693381906496,0.9001240694789082,49.170918367346935,0.5,0.5,0.5,101.42710032979733,145.0,149.0,49.0,57.0,33.793103448275865,0.6174496644295302,402.0,377.0,1754.0,1749.0,26.0,22.0,112.0,115.0,194.0,177.0,442.0,415.0,20.0,80.0,0.6
vgk,20202021,56,190.0,122.0,3.392857142857143,2.1785714285714284,178.58,144.31,3.188928571428572,2.576964285714286,11.419999999999987,32.660714285714285,27.285714285714285,62.017857142857146,52.80357142857143,10.38819026790596,0.9201570680628273,49.548678272082526,0.54,0.55,0.55,102.40389707418868,193.0,155.0,52.0,42.0,26.94300518134715,0.7290322580645161,508.0,397.0,1856.0,1565.0,30.0,28.0,152.0,146.0,166.0,197.0,378.0,427.0,20.0,80.0,0.6
phi,20202021,56,160.0,197.0,2.857142857142857,3.517857142857143,150.33,157.55,2.6844642857142857,2.8133928571428575,9.669999999999987,30.178571428571427,29.214285714285715,55.92857142857143,51.375,9.467455621301776,0.8795843520782396,54.03977625854568,0.52,0.52,0.49,97.42589082912573,145.0,160.0,60.0,70.0,41.37931034482759,0.5625,437.0,428.0,1774.0,1620.0,25.0,27.0,139.0,118.0,189.0,180.0,411.0,396.0,20.0,80.0,0.0
pit,20202021,56,193.0,155.0,3.4464285714285716,2.767857142857143,157.7,146.22,2.8160714285714286,2.6110714285714285,35.30000000000001,30.089285714285715,29.964285714285715,51.92857142857143,51.517857142857146,11.4540059347181,0.9076281287246722,49.13820119084926,0.5,0.5,0.52,102.21681880718532,155.0,156.0,68.0,57.0,43.87096774193549,0.6346153846153846,403.0,406.0,1680.0,1659.0,26.0,25.0,113.0,123.0,171.0,168.0,365.0,362.0,20.0,80.0,0.6
buf,20202021,56,134.0,196.0,2.392857142857143,3.5,141.0,165.9,2.517857142857143,2.9625,-7.0,28.428571428571427,33.732142857142854,49.5,57.125,8.417085427135678,0.8962413975648491,49.574328749181404,0.46,0.46,0.46,98.04122518362058,128.0,160.0,41.0,59.0,32.03125,0.63125,403.0,450.0,1653.0,1949.0,20.0,39.0,122.0,137.0,150.0,160.0,320.0,336.0,20.0,80.0,0.0
col,20202021,56,197.0,132.0,3.517857142857143,2.357142857142857,179.85,120.2,3.211607142857143,2.1464285714285714,17.150000000000006,34.589285714285715,25.410714285714285,64.51785714285714,47.05357142857143,10.170366546205473,0.9072382290934645,51.54607297464441,0.58,0.58,0.6,100.89418945555192,175.0,116.0,63.0,33.0,36.0,0.7155172413793103,465.0,347.0,2017.0,1495.0,35.0,15.0,161.0,111.0,201.0,229.0,435.0,503.0,20.0,80.0,0.6
n.j,20202021,56,145.0,189.0,2.5892857142857144,3.375,144.56,164.7,2.5814285714285714,2.9410714285714286,0.4399999999999977,28.803571428571427,31.053571428571427,53.375,52.92857142857143,8.989460632362057,0.8913168487636572,46.57232704402516,0.5,0.49,0.47,98.12114550872778,119.0,152.0,40.0,62.0,33.61344537815126,0.5921052631578947,431.0,463.0,1713.0,1734.0,25.0,27.0,105.0,129.0,149.0,170.0,338.0,372.0,20.0,80.0,0.0
fla,20202021,56,188.0,151.0,3.357142857142857,2.6964285714285716,176.92,145.04,3.1592857142857143,2.59,11.080000000000013,34.75,29.964285714285715,58.017857142857146,50.642857142857146,9.660842754367934,0.9100119189511323,50.18028846153846,0.53,0.53,0.55,100.66203464948117,169.0,132.0,74.0,49.0,43.786982248520715,0.6287878787878788,461.0,407.0,1922.0,1681.0,37.0,26.0,145.0,139.0,211.0,233.0,478.0,518.0,20.0,80.0,0.6
van,20202021,56,148.0,187.0,2.642857142857143,3.3392857142857144,148.37,183.59,2.6494642857142856,3.2783928571428573,-0.37000000000000455,29.089285714285715,33.392857142857146,52.94642857142857,60.17857142857143,9.085328422344997,0.9,52.34029095509172,0.47,0.47,0.45,99.085328422345,139.0,171.0,46.0,64.0,33.093525179856115,0.6257309941520468,437.0,565.0,1662.0,1829.0,20.0,28.0,100.0,128.0,202.0,185.0,471.0,424.0,20.0,80.0,0.0
car,20202021,56,175.0,134.0,3.125,2.392857142857143,180.75,143.15,3.2276785714285716,2.55625,-5.75,32.035714285714285,28.232142857142858,59.19642857142857,50.57142857142857,9.75473801560758,0.9152435167615434,53.86861313868613,0.54,0.54,0.56,101.27908969176192,181.0,125.0,59.0,39.0,32.59668508287293,0.688,500.0,436.0,1822.0,1613.0,18.0,25.0,152.0,125.0,193.0,179.0,402.0,378.0,20.0,80.0,0.6
l.a,20202021,56,142.0,169.0,2.5357142857142856,3.017857142857143,132.82,164.21,2.371785714285714,2.9323214285714285,9.180000000000007,28.357142857142858,31.178571428571427,51.607142857142854,56.535714285714285,8.942065491183879,0.9032073310423826,50.6036217303823,0.48,0.48,0.45,99.26279859542214,135.0,185.0,49.0,53.0,36.2962962962963,0.7135135135135136,316.0,404.0,1746.0,1832.0,31.0,27.0,145.0,158.0,171.0,181.0,377.0,403.0,20.0,80.0,0.0
bos,20202021,56,164.0,134.0,2.9285714285714284,2.392857142857143,153.9,132.77,2.748214285714286,2.370892857142857,10.099999999999994,33.32142857142857,27.071428571428573,57.57142857142857,49.732142857142854,8.788853161843516,0.9116094986807388,55.268138801261834,0.54,0.54,0.54,99.9498030299174,132.0,108.0,55.0,40.0,41.66666666666667,0.6296296296296297,440.0,418.0,1971.0,1601.0,25.0,19.0,101.0,83.0,215.0,189.0,479.0,437.0,20.0,80.0,0.6
min,20202021,56,180.0,159.0,3.2142857142857144,2.8392857142857144,154.6,144.41,2.7607142857142857,2.57875,25.400000000000006,28.339285714285715,30.446428571428573,50.642857142857146,57.32142857142857,11.342155009451796,0.9067448680351906,46.53586756591048,0.47,0.48,0.52,102.01664181297086,163.0,127.0,55.0,40.0,33.74233128834356,0.6850393700787402,420.0,372.0,1617.0,1886.0,29.0,22.0,145.0,121.0,194.0,194.0,440.0,442.0,20.0,80.0,0.6
wpg,20202021,56,170.0,152.0,3.0357142857142856,2.7142857142857144,154.29,172.53,2.7551785714285715,3.080892857142857,15.710000000000008,29.660714285714285,30.589285714285715,53.339285714285715,55.892857142857146,10.234798314268513,0.911266783420899,50.321271559012516,0.49,0.49,0.47,101.3614766563584,151.0,169.0,59.0,49.0,39.0728476821192,0.7100591715976332,446.0,541.0,1649.0,1653.0,22.0,21.0,113.0,140.0,168.0,178.0,362.0,380.0,20.0,80.0,0.6
s.j,20202021,56,146.0,196.0,2.607142857142857,3.5,157.02,156.99,2.8039285714285715,2.8033928571428572,-11.02000000000001,30.035714285714285,31.982142857142858,54.30357142857143,58.785714285714285,8.680142687277051,0.8905639307649358,48.447401774397974,0.48,0.48,0.5,97.73653576377063,165.0,155.0,48.0,60.0,29.09090909090909,0.6129032258064516,427.0,444.0,1724.0,1881.0,26.0,31.0,161.0,132.0,204.0,186.0,466.0,417.0,20.0,80.0,0.0
cgy,20202021,56,155.0,160.0,2.767857142857143,2.857142857142857,159.16,147.3,2.842142857142857,2.630357142857143,-4.159999999999997,30.160714285714285,28.160714285714285,56.142857142857146,50.94642857142857,9.177027827116637,0.8985415345592898,49.95137763371151,0.52,0.52,0.52,99.03118128304561,151.0,135.0,47.0,50.0,31.125827814569533,0.6296296296296297,471.0,456.0,1774.0,1585.0,23.0,23.0,111.0,92.0,201.0,201.0,445.0,447.0,20.0,80.0,0.0
stl,20202021,56,167.0,167.0,2.982142857142857,2.982142857142857,134.83,156.89,2.407678571428572,2.8016071428571427,32.16999999999999,29.017857142857142,29.785714285714285,51.517857142857146,54.982142857142854,10.276923076923076,0.8998800959232613,53.33969465648855,0.48,0.48,0.46,100.26493266924922,126.0,158.0,46.0,50.0,36.507936507936506,0.6835443037974683,343.0,422.0,1677.0,1741.0,20.0,33.0,107.0,150.0,191.0,174.0,432.0,398.0,20.0,80.0,0.0
ott,20202021,56,155.0,189.0,2.767857142857143,3.375,149.54,162.73,2.6703571428571427,2.905892857142857,5.460000000000008,29.696428571428573,32.125,54.214285714285715,58.660714285714285,9.320505111244739,0.8949416342412452,47.38709677419355,0.48,0.48,0.48,98.81466853536926,125.0,156.0,44.0,57.0,35.199999999999996,0.6346153846153846,470.0,491.0,1728.0,1831.0,23.0,28.0,129.0,114.0,208.0,204.0,489.0,491.0,20.0,80.0,0.0
edm,20202021,56,183.0,154.0,3.267857142857143,2.75,174.76,156.46,3.1207142857142856,2.7939285714285718,8.240000000000009,29.928571428571427,30.660714285714285,54.017857142857146,55.92857142857143,10.918854415274463,0.9103086779266162,50.419885791064836,0.49,0.49,0.53,101.94972220793609,169.0,140.0,57.0,43.0,33.72781065088758,0.6928571428571428,561.0,467.0,1554.0,1724.0,20.0,22.0,108.0,121.0,169.0,190.0,382.0,421.0,20.0,80.0,0.6
nsh,20202021,56,151.0,154.0,2.6964285714285716,2.75,147.83,156.21,2.639821428571429,2.7894642857142857,3.1699999999999875,29.928571428571427,31.285714285714285,53.607142857142854,54.142857142857146,9.009546539379475,0.9121004566210046,51.68360864040661,0.5,0.5,0.49,100.21959220147993,124.0,136.0,45.0,54.0,36.29032258064516,0.6029411764705883,421.0,427.0,1789.0,1736.0,22.0,22.0,112.0,118.0,196.0,190.0,442.0,416.0,20.0,80.0,0.0
mtl,20202021,56,158.0,165.0,2.8214285714285716,2.9464285714285716,156.02,162.18,2.7860714285714288,2.8960714285714286,1.9799999999999898,31.178571428571427,28.214285714285715,58.30357142857143,51.392857142857146,9.049255441008018,0.8955696202531646,48.426461143224145,0.53,0.52,0.49,98.60621746632447,143.0,167.0,49.0,57.0,34.26573426573427,0.6586826347305389,467.0,458.0,1789.0,1569.0,23.0,19.0,101.0,115.0,191.0,171.0,431.0,389.0,20.0,80.0,0.0
dal,20202021,56,156.0,148.0,2.7857142857142856,2.642857142857143,144.19,134.4,2.5748214285714286,2.4,11.810000000000002,30.357142857142858,27.125,55.75,51.44642857142857,9.176470588235293,0.9025674786043449,51.724137931034484,0.52,0.52,0.52,99.43321844866979,115.0,112.0,49.0,51.0,42.608695652173914,0.5446428571428572,427.0,352.0,1790.0,1695.0,32.0,22.0,122.0,92.0,171.0,173.0,378.0,384.0,20.0,80.0,0.6
tor,20202021,56,186.0,148.0,3.3214285714285716,2.642857142857143,194.61,151.97,3.4751785714285717,2.71375,-8.610000000000014,31.267857142857142,27.839285714285715,55.767857142857146,51.732142857142854,10.622501427755568,0.9050673508659397,51.190875545119084,0.52,0.52,0.56,101.12923651434954,190.0,130.0,64.0,46.0,33.68421052631579,0.6461538461538461,635.0,509.0,1585.0,1550.0,30.0,20.0,129.0,81.0,157.0,167.0,340.0,368.0,20.0,80.0,0.6
ari,20202021,56,150.0,174.0,2.6785714285714284,3.107142857142857,140.45,161.41,2.508035714285714,2.8823214285714287,9.550000000000011,27.428571428571427,30.535714285714285,52.089285714285715,55.839285714285715,9.765625,0.8982456140350877,49.06692406692407,0.48,0.48,0.47,99.59018640350877,144.0,161.0,46.0,55.0,31.944444444444443,0.6583850931677019,364.0,398.0,1674.0,1808.0,24.0,27.0,139.0,144.0,189.0,202.0,420.0,438.0,20.0,80.0,0.0
det,20202021,56,125.0,168.0,2.232142857142857,3.0,133.68,159.8,2.3871428571428575,2.8535714285714286,-8.680000000000007,27.285714285714285,31.839285714285715,47.25,55.910714285714285,8.180628272251308,0.9057767807066741,50.213745478461036,0.46,0.46,0.46,98.75830634291873,121.0,160.0,42.0,53.0,34.710743801652896,0.66875,359.0,389.0,1549.0,1867.0,21.0,20.0,105.0,110.0,179.0,165.0,384.0,364.0,20.0,80.0,0.0
nyi,20202021,56,152.0,125.0,2.7142857142857144,2.232142857142857,148.64,129.63,2.654285714285714,2.3148214285714284,3.3600000000000136,29.0,28.392857142857142,51.357142857142854,53.94642857142857,9.35960591133005,0.9213836477987422,51.54320987654321,0.49,0.5,0.53,101.49797069120426,157.0,100.0,53.0,32.0,33.75796178343949,0.6799999999999999,401.0,374.0,1635.0,1750.0,24.0,22.0,103.0,100.0,145.0,153.0,314.0,326.0,20.0,80.0,0.6
wpg,20212022,82,250.0,253.0,3.048780487804878,3.0853658536585367,270.26,278.14,3.2958536585365854,3.391951219512195,-20.25999999999999,32.25609756097561,33.18292682926829,57.63414634146341,58.48780487804878,9.45179584120983,0.9070194781330393,50.74024226110363,0.5,0.5,0.49,100.15374365451376,268.0,290.0,84.0,94.0,31.343283582089555,0.6758620689655173,812.0,806.0,2558.0,2611.0,32.0,44.0,202.0,226.0,288.0,297.0,648.0,677.0,20.0,80.0,0.0
cbj,20212022,82,258.0,297.0,3.1463414634146343,3.6219512195121952,239.75,289.9,2.923780487804878,3.5353658536585364,18.25,30.036585365853657,35.23170731707317,55.52439024390244,59.9390243902439,10.475030450669914,0.897196261682243,48.495917490330896,0.48,0.47,0.45,100.19465661889421,219.0,268.0,88.0,85.0,40.182648401826484,0.6828358208955223,692.0,857.0,2529.0,2717.0,42.0,32.0,175.0,209.0,284.0,267.0,595.0,567.0,20.0,80.0,0.0
pit,20212022,82,269.0,222.0,3.2804878048780486,2.707317073170732,274.0,239.78,3.341463414634146,2.924146341463415,-5.0,34.75609756097561,31.426829268292682,59.78048780487805,55.146341463414636,9.43859649122807,0.9138533178114087,51.114959948040706,0.52,0.53,0.53,100.82392827236893,258.0,248.0,80.0,76.0,31.007751937984494,0.6935483870967742,782.0,647.0,2770.0,2533.0,40.0,32.0,232.0,211.0,249.0,284.0,546.0,618.0,20.0,80.0,0.6
nsh,20212022,82,262.0,250.0,3.1951219512195124,3.048780487804878,251.48,259.4,3.066829268292683,3.163414634146341,10.52000000000001,29.75609756097561,32.28048780487805,54.91463414634146,58.28048780487805,10.737704918032787,0.9055534567434832,51.242554939412614,0.49,0.49,0.49,101.2930505923811,227.0,239.0,88.0,85.0,38.76651982378855,0.6443514644351465,711.0,725.0,2519.0,2655.0,38.0,26.0,173.0,159.0,375.0,350.0,935.0,888.0,20.0,80.0,0.6
vgk,20212022,82,262.0,244.0,3.1951219512195124,2.975609756097561,266.57,252.35,3.2508536585365855,3.0774390243902436,-4.569999999999993,34.51219512195122,29.98780487804878,61.75609756097561,56.91463414634146,9.257950530035336,0.9007726718178122,49.32773109243698,0.52,0.53,0.51,99.33521771181655,274.0,273.0,83.0,78.0,30.29197080291971,0.7142857142857143,756.0,700.0,2793.0,2384.0,35.0,47.0,236.0,213.0,250.0,246.0,556.0,559.0,20.0,80.0,0.6
edm,20212022,82,285.0,251.0,3.475609756097561,3.0609756097560976,286.87,249.37,3.4984146341463416,3.0410975609756097,-1.8700000000000045,34.03658536585366,32.28048780487805,60.5,55.74390243902439,10.211393765675385,0.9051756705704571,51.27442650807137,0.52,0.51,0.54,100.72896082272109,289.0,224.0,107.0,76.0,37.0242214532872,0.6607142857142857,858.0,776.0,2617.0,2553.0,41.0,35.0,198.0,191.0,275.0,257.0,586.0,543.0,20.0,80.0,0.6
fla,20212022,82,337.0,242.0,4.109756097560975,2.951219512195122,319.35,260.84,3.8945121951219517,3.1809756097560973,17.649999999999977,37.34146341463415,30.670731707317074,65.53658536585365,52.4390243902439,11.00587851077727,0.9037773359840955,48.23505407059784,0.56,0.55,0.55,101.38361210918681,320.0,288.0,114.0,76.0,35.625,0.7361111111111112,979.0,733.0,2752.0,2284.0,57.0,33.0,268.0,242.0,320.0,316.0,712.0,701.0,20.0,80.0,0.6
ott,20212022,82,224.0,264.0,2.731707317073171,3.2195121951219514,249.73,270.68,3.0454878048780487,3.300975609756098,-25.72999999999999,30.0609756097561,33.41463414634146,54.853658536585364,60.0,9.087221095334685,0.9036496350364963,47.92387543252595,0.48,0.48,0.48,99.45218459898432,255.0,258.0,77.0,85.0,30.19607843137255,0.6705426356589148,764.0,856.0,2392.0,2608.0,26.0,40.0,190.0,214.0,313.0,307.0,728.0,715.0,20.0,80.0,0.0
van,20212022,82,246.0,231.0,3.0,2.817073170731707,249.26,251.24,3.0397560975609754,3.0639024390243903,-3.259999999999991,31.98780487804878,31.853658536585368,58.31707317073171,57.646341463414636,9.378574151734655,0.9115620214395099,51.95675675675676,0.5,0.5,0.5,100.53477629568565,233.0,234.0,80.0,73.0,34.33476394849785,0.688034188034188,684.0,744.0,2660.0,2573.0,39.0,34.0,198.0,196.0,273.0,293.0,619.0,635.0,20.0,80.0,0.6
stl,20212022,82,309.0,239.0,3.768292682926829,2.9146341463414633,254.52,251.08,3.1039024390243903,3.061951219512195,54.47999999999999,30.390243902439025,31.597560975609756,52.170731707317074,56.40243902439025,12.39967897271268,0.90775762253956,50.243578387953946,0.48,0.48,0.5,103.17544122666868,220.0,220.0,91.0,70.0,41.36363636363637,0.6818181818181819,775.0,739.0,2328.0,2662.0,40.0,37.0,179.0,206.0,259.0,279.0,557.0,595.0,20.0,80.0,0.6
phi,20212022,82,210.0,294.0,2.5609756097560976,3.5853658536585367,236.92,279.56,2.8892682926829267,3.4092682926829267,-26.919999999999987,30.975609756097562,33.97560975609756,54.86585365853659,61.08536585365854,8.267716535433072,0.8944723618090452,52.14057507987221,0.47,0.47,0.46,97.71495271633759,254.0,283.0,71.0,102.0,27.95275590551181,0.6395759717314488,688.0,836.0,2461.0,2656.0,39.0,36.0,224.0,213.0,287.0,293.0,645.0,656.0,20.0,80.0,0.0
det,20212022,82,227.0,310.0,2.768292682926829,3.7804878048780486,232.64,282.87,2.837073170731707,3.4496341463414635,-5.639999999999986,29.451219512195124,33.68292682926829,51.21951219512195,58.646341463414636,9.399585921325052,0.887762490948588,49.36291739894551,0.47,0.46,0.45,98.17583501618385,249.0,268.0,77.0,99.0,30.923694779116467,0.6305970149253731,673.0,865.0,2272.0,2585.0,32.0,32.0,190.0,172.0,283.0,287.0,641.0,645.0,20.0,80.0,0.0
buf,20212022,82,229.0,287.0,2.792682926829268,3.5,210.04,255.95,2.5614634146341464,3.121341463414634,18.960000000000008,29.890243902439025,32.96341463414634,51.670731707317074,55.292682926829265,9.34312525499796,0.8938216796152423,45.993662290629246,0.48,0.47,0.45,98.72529321652219,176.0,251.0,66.0,95.0,37.5,0.6215139442231076,609.0,705.0,2493.0,2681.0,34.0,42.0,156.0,218.0,247.0,259.0,553.0,571.0,20.0,80.0,0.0
sjs,20212022,82,211.0,261.0,2.573170731707317,3.182926829268293,222.36,257.29,2.711707317073171,3.1376829268292687,-11.360000000000014,29.26829268292683,31.975609756097562,52.98780487804878,61.73170731707317,8.791666666666668,0.9004576659038902,49.606126914660834,0.46,0.47,0.46,98.8374332570557,210.0,236.0,65.0,85.0,30.952380952380953,0.6398305084745763,651.0,758.0,2443.0,2699.0,32.0,35.0,177.0,185.0,283.0,278.0,663.0,662.0,20.0,80.0,0.0
col,20212022,82,308.0,232.0,3.7560975609756095,2.8292682926829267,275.81,244.16,3.363536585365854,2.977560975609756,32.19,35.048780487804876,32.03658536585366,62.91463414634146,56.01219512195122,10.716771050800277,0.9116863342215455,47.274954072259646,0.53,0.52,0.53,101.88540447295483,287.0,251.0,103.0,82.0,35.88850174216028,0.6733067729083666,700.0,697.0,2833.0,2561.0,43.0,43.0,217.0,211.0,293.0,336.0,654.0,740.0,20.0,80.0,0.6
bos,20212022,82,253.0,218.0,3.0853658536585367,2.658536585365854,260.58,223.86,3.1778048780487804,2.73,-7.579999999999984,36.13414634146341,28.70731707317073,59.71951219512195,52.08536585365854,8.538643266959163,0.907391673746814,54.16922761729154,0.53,0.55,0.54,99.27781064164057,248.0,220.0,85.0,83.0,34.274193548387096,0.6227272727272728,729.0,605.0,2919.0,2428.0,50.0,35.0,203.0,146.0,336.0,302.0,743.0,674.0,20.0,80.0,0.6
nyr,20212022,82,250.0,204.0,3.048780487804878,2.4878048780487805,239.47,227.42,2.9203658536585366,2.7734146341463415,10.530000000000001,29.170731707317074,30.841463414634145,52.109756097560975,57.048780487804876,10.451505016722408,0.9193357058125742,48.06436567164179,0.48,0.48,0.51,102.38507559797982,244.0,219.0,82.0,62.0,33.60655737704918,0.7168949771689498,627.0,668.0,2416.0,2624.0,43.0,36.0,190.0,209.0,283.0,267.0,625.0,595.0,20.0,80.0,0.6
mtl,20212022,82,218.0,317.0,2.658536585365854,3.8658536585365852,216.55,278.75,2.6408536585365856,3.399390243902439,1.4499999999999886,29.804878048780488,34.4390243902439,52.926829268292686,60.84146341463415,8.919803600654665,0.8877478753541077,49.205340114431024,0.47,0.46,0.44,97.69459113606543,221.0,289.0,64.0,98.0,28.95927601809955,0.6608996539792388,591.0,820.0,2421.0,2696.0,32.0,43.0,188.0,223.0,319.0,297.0,694.0,640.0,20.0,80.0,0.0
tbl,20212022,82,285.0,228.0,3.475609756097561,2.7804878048780486,270.79,252.28,3.302317073170732,3.0765853658536586,14.20999999999998,30.914634146341463,29.78048780487805,55.59756097560975,53.792682926829265,11.242603550295858,0.9066339066339066,50.11779824373528,0.51,0.51,0.52,101.90599421368651,256.0,246.0,92.0,85.0,35.9375,0.6544715447154472,843.0,734.0,2463.0,2387.0,35.0,41.0,169.0,159.0,335.0,341.0,769.0,801.0,20.0,80.0,0.6
lak,20212022,82,235.0,232.0,2.8658536585365852,2.8292682926829267,272.44,242.29,3.3224390243902437,2.9547560975609755,-37.44,34.951219512195124,28.573170731707318,62.03658536585366,52.853658536585364,8.199581297976273,0.9009816474605207,52.192489318641776,0.54,0.55,0.53,98.29774604402834,275.0,247.0,94.0,66.0,34.18181818181818,0.7327935222672064,803.0,750.0,2852.0,2246.0,40.0,31.0,252.0,208.0,274.0,288.0,603.0,623.0,20.0,80.0,0.6
ana,20212022,82,228.0,266.0,2.7804878048780486,3.2439024390243905,215.84,248.46,2.6321951219512196,3.0300000000000002,12.159999999999997,29.20731707317073,33.23170731707317,53.646341463414636,59.707317073170735,9.519832985386222,0.9023853211009174,48.2039911308204,0.47,0.47,0.46,99.75836509547796,203.0,201.0,74.0,60.0,36.45320197044335,0.7014925373134329,604.0,732.0,2519.0,2841.0,37.0,22.0,173.0,198.0,295.0,286.0,695.0,690.0,20.0,80.0,0.0
car,20212022,82,277.0,200.0,3.3780487804878048,2.4390243902439024,290.18,226.53,3.5387804878048783,2.762560975609756,-13.180000000000007,34.1219512195122,28.170731707317074,62.40243902439025,49.5,9.899928520371693,0.9134199134199135,53.904801153925405,0.56,0.55,0.56,101.24191986236303,303.0,232.0,88.0,60.0,29.042904290429046,0.7413793103448276,808.0,659.0,2863.0,2310.0,52.0,36.0,271.0,214.0,312.0,264.0,660.0,563.0,20.0,80.0,0.6
dal,20212022,82,233.0,244.0,2.841463414634146,2.975609756097561,264.52,233.38,3.225853658536585,2.84609756097561,-31.519999999999982,30.317073170731707,31.048780487804876,56.48780487804878,57.26829268292683,9.372485921158487,0.9041633935585232,54.821280133000826,0.5,0.5,0.53,99.7888252770108,280.0,206.0,93.0,74.0,33.214285714285715,0.6407766990291262,759.0,699.0,2443.0,2621.0,40.0,31.0,218.0,175.0,246.0,257.0,521.0,546.0,20.0,80.0,0.0
nyi,20212022,82,229.0,231.0,2.792682926829268,2.817073170731707,217.06,239.85,2.6470731707317072,2.925,11.939999999999998,28.878048780487806,32.5609756097561,51.76829268292683,59.41463414634146,9.670608108108109,0.9134831460674158,51.31275909719023,0.47,0.47,0.48,101.0189227148497,226.0,245.0,73.0,76.0,32.30088495575221,0.689795918367347,567.0,604.0,2418.0,2788.0,28.0,36.0,177.0,214.0,274.0,273.0,625.0,628.0,20.0,80.0,0.0
njd,20212022,82,245.0,302.0,2.9878048780487805,3.682926829268293,241.76,246.15,2.9482926829268292,3.001829268292683,3.240000000000009,31.24390243902439,30.975609756097562,57.53658536585366,55.3780487804878,9.562841530054644,0.8811023622047244,46.84722809987304,0.51,0.5,0.5,97.67307775052709,207.0,227.0,78.0,96.0,37.68115942028986,0.5770925110132159,778.0,706.0,2591.0,2587.0,46.0,50.0,170.0,162.0,257.0,269.0,574.0,604.0,20.0,80.0,0.0
wsh,20212022,82,270.0,242.0,3.292682926829268,2.951219512195122,245.49,226.08,2.9937804878048784,2.7570731707317075,24.50999999999999,31.4390243902439,29.024390243902438,56.926829268292686,54.8780487804878,10.473235065942593,0.8983193277310925,47.09991532599492,0.51,0.52,0.52,100.30516783905183,235.0,221.0,81.0,82.0,34.46808510638298,0.6289592760180995,658.0,666.0,2695.0,2463.0,27.0,47.0,193.0,200.0,267.0,304.0,573.0,643.0,20.0,80.0,0.6
cgy,20212022,82,291.0,206.0,3.548780487804878,2.5121951219512195,265.06,210.92,3.232439024390244,2.5721951219512196,25.939999999999998,35.47560975609756,28.963414634146343,63.75609756097561,51.6219512195122,10.003437607425232,0.9132631578947369,51.08604845446951,0.55,0.55,0.56,101.32975339689891,236.0,199.0,80.0,67.0,33.89830508474576,0.6633165829145728,787.0,609.0,2999.0,2469.0,34.0,27.0,212.0,161.0,298.0,302.0,670.0,661.0,20.0,80.0,0.6
chi,20212022,82,213.0,289.0,2.597560975609756,3.524390243902439,203.88,231.51,2.486341463414634,2.8232926829268292,9.120000000000005,28.804878048780488,32.96341463414634,52.03658536585366,60.01219512195122,9.017781541066892,0.8930817610062893,49.63945103512445,0.46,0.46,0.47,98.32595764169582,176.0,213.0,60.0,87.0,34.090909090909086,0.5915492957746479,571.0,579.0,2385.0,2829.0,20.0,37.0,127.0,183.0,260.0,286.0,582.0,642.0,20.0,80.0,0.0
tor,20212022,82,312.0,252.0,3.8048780487804876,3.073170731707317,294.76,230.21,3.5946341463414635,2.807439024390244,17.24000000000001,34.573170731707314,30.634146341463413,62.08536585365854,53.08536585365854,11.005291005291005,0.8996815286624203,55.05430242272348,0.54,0.54,0.56,100.97344387153304,292.0,207.0,103.0,77.0,35.273972602739725,0.6280193236714976,922.0,711.0,2690.0,2463.0,41.0,39.0,207.0,172.0,273.0,283.0,592.0,604.0,20.0,80.0,0.6
min,20212022,82,305.0,249.0,3.7195121951219514,3.0365853658536586,253.83,243.25,3.095487804878049,2.966463414634146,51.16999999999999,32.548780487804876,31.426829268292682,57.69512195121951,56.47560975609756,11.427500936680405,0.9033760186263097,47.64278296988577,0.51,0.51,0.51,101.76510279931136,238.0,240.0,92.0,99.0,38.655462184873954,0.5875,696.0,634.0,2655.0,2642.0,42.0,37.0,192.0,169.0,337.0,341.0,792.0,790.0,20.0,80.0,0.6
ari,20212022,82,206.0,309.0,2.5121951219512195,3.768292682926829,196.75,275.46,2.399390243902439,3.3592682926829265,9.25,25.865853658536587,35.48780487804878,47.6219512195122,62.53658536585366,9.712399811409712,0.8938144329896908,47.26088908845981,0.43,0.43,0.42,99.09384311037878,186.0,281.0,61.0,100.0,32.795698924731184,0.6441281138790036,552.0,774.0,2231.0,2924.0,23.0,47.0,175.0,242.0,315.0,256.0,718.0,606.0,20.0,80.0,0.0
sea,20212022,82,213.0,284.0,2.597560975609756,3.4634146341463414,213.61,243.14,2.605,2.965121951219512,-0.6100000000000136,29.036585365853657,28.865853658536587,54.0,52.73170731707317,8.945821083578329,0.8800168990283059,47.665412701925206,0.51,0.5,0.47,96.94751098640891,203.0,244.0,64.0,105.0,31.527093596059114,0.569672131147541,612.0,647.0,2502.0,2402.0,28.0,45.0,167.0,198.0,267.0,262.0,616.0,608.0,20.0,80.0,0.0
cgy,20222023,82,258.0,247.0,3.1463414634146343,3.0121951219512195,278.2,238.84,3.392682926829268,2.912682926829268,-20.19999999999999,35.96341463414634,27.353658536585368,67.40243902439025,51.13414634146341,8.748728382502543,0.8898796255015604,50.34812015118361,0.57,0.56,0.54,97.73669093265859,293.0,258.0,87.0,78.0,29.692832764505116,0.6976744186046512,766.0,677.0,3056.0,2234.0,42.0,34.0,281.0,211.0,309.0,297.0,687.0,651.0,20.0,80.0,0.6
edm,20222023,82,325.0,256.0,3.9634146341463414,3.1219512195121952,311.16,243.8,3.7946341463414637,2.973170731707317,13.839999999999975,33.59756097560975,31.378048780487806,59.75609756097561,55.01219512195122,11.796733212341199,0.9005052467936261,50.81833060556464,0.52,0.52,0.56,101.8472578917038,320.0,238.0,100.0,89.0,31.25,0.6260504201680672,931.0,703.0,2457.0,2533.0,32.0,40.0,223.0,211.0,315.0,310.0,678.0,669.0,20.0,80.0,0.6
chi,20222023,82,202.0,299.0,2.4634146341463414,3.6463414634146343,215.84,284.02,2.6321951219512196,3.4636585365853656,-13.840000000000003,26.951219512195124,33.63414634146341,49.69512195121951,61.81707317073171,9.14027149321267,0.891588107324148,52.69635265159991,0.45,0.45,0.43,98.29908222562746,249.0,319.0,72.0,100.0,28.915662650602407,0.6865203761755485,546.0,781.0,2268.0,2686.0,31.0,43.0,188.0,254.0,270.0,272.0,619.0,618.0,20.0,80.0,0.0
ana,20222023,82,206.0,335.0,2.5121951219512195,4.085365853658536,210.44,320.76,2.566341463414634,3.9117073170731707,-4.439999999999998,28.365853658536587,39.1219512195122,51.63414634146341,67.86585365853658,8.85640584694755,0.895573566084788,46.73684210526316,0.43,0.42,0.4,98.41376245542635,194.0,330.0,60.0,98.0,30.927835051546392,0.703030303030303,648.0,929.0,2342.0,3105.0,33.0,32.0,229.0,334.0,339.0,292.0,759.0,669.0,20.0,80.0,0.0
pit,20222023,82,261.0,263.0,3.182926829268293,3.207317073170732,299.98,267.48,3.6582926829268296,3.2619512195121954,-38.98000000000002,34.36585365853659,32.76829268292683,63.48780487804878,59.24390243902439,9.261887863733143,0.9021213248976554,52.06402695871945,0.52,0.52,0.53,99.47402035349867,341.0,265.0,85.0,87.0,24.926686217008797,0.6716981132075472,864.0,772.0,2687.0,2599.0,40.0,35.0,316.0,236.0,291.0,313.0,607.0,658.0,20.0,80.0,0.0
wsh,20222023,82,253.0,261.0,3.0853658536585367,3.182926829268293,259.16,267.89,3.160487804878049,3.266951219512195,-6.160000000000025,31.085365853658537,31.085365853658537,59.28048780487805,59.58536585365854,9.925460965084348,0.8976069046684975,49.54089259021994,0.5,0.5,0.49,99.68615143193409,274.0,269.0,85.0,93.0,31.02189781021898,0.654275092936803,747.0,781.0,2558.0,2562.0,36.0,41.0,261.0,213.0,286.0,304.0,655.0,682.0,20.0,80.0,0.0
bos,20222023,82,301.0,174.0,3.6707317073170733,2.1219512195121952,285.26,241.94,3.478780487804878,2.950487804878049,15.740000000000009,32.97560975609756,29.841463414634145,58.951219512195124,55.69512195121951,11.131656804733728,0.9288925214548427,54.48540379288301,0.51,0.52,0.54,104.02090895021799,287.0,259.0,89.0,60.0,31.010452961672474,0.7683397683397684,869.0,713.0,2498.0,2449.0,45.0,21.0,230.0,230.0,346.0,341.0,787.0,774.0,20.0,80.0,0.6
fla,20222023,82,288.0,272.0,3.5121951219512195,3.317073170731707,314.97,283.45,3.84109756097561,3.4567073170731706,-26.970000000000027,36.84146341463415,31.75609756097561,66.84146341463415,56.548780487804876,9.533267130089374,0.8955453149001537,48.90628135661248,0.54,0.54,0.53,99.08779862010473,356.0,324.0,100.0,98.0,28.08988764044944,0.6975308641975309,803.0,730.0,2968.0,2519.0,58.0,39.0,311.0,262.0,361.0,345.0,794.0,764.0,20.0,80.0,0.6
nsh,20222023,82,223.0,236.0,2.7195121951219514,2.8780487804878048,266.93,297.54,3.2552439024390245,3.628536585365854,-43.93000000000001,29.5,33.28048780487805,56.96341463414634,62.91463414634146,9.218685407193055,0.9135214364235984,52.22617987533392,0.48,0.47,0.47,100.57082904955288,286.0,314.0,85.0,76.0,29.72027972027972,0.7579617834394905,767.0,870.0,2395.0,2653.0,44.0,28.0,247.0,268.0,316.0,297.0,739.0,684.0,20.0,80.0,0.0
njd,20222023,82,289.0,222.0,3.524390243902439,2.707317073170732,302.09,232.59,3.684024390243902,2.8364634146341463,-13.089999999999975,34.41463414634146,28.23170731707317,64.32926829268293,55.51219512195122,10.240963855421686,0.9041036717062635,51.26139495442018,0.54,0.54,0.56,100.65133102604803,315.0,232.0,86.0,75.0,27.3015873015873,0.6767241379310345,871.0,719.0,2713.0,2381.0,39.0,35.0,289.0,226.0,260.0,255.0,560.0,562.0,20.0,80.0,0.6
buf,20222023,82,293.0,297.0,3.573170731707317,3.6219512195121952,277.77,287.88,3.3874390243902437,3.510731707317073,15.230000000000018,32.51219512195122,33.0609756097561,58.25609756097561,55.9390243902439,10.990247561890474,0.8904463297676134,45.11862271677514,0.51,0.5,0.49,100.0348805386518,276.0,297.0,88.0,93.0,31.88405797101449,0.6868686868686869,779.0,854.0,2575.0,2509.0,27.0,45.0,242.0,265.0,267.0,310.0,558.0,639.0,20.0,80.0,0.0
mtl,20222023,82,227.0,305.0,2.768292682926829,3.7195121951219514,219.51,314.52,2.676951219512195,3.835609756097561,7.490000000000009,27.28048780487805,33.573170731707314,51.3780487804878,63.5,10.147518998658917,0.8892117689792953,48.47946725860155,0.45,0.45,0.41,99.06869589658845,242.0,383.0,68.0,114.0,28.09917355371901,0.7023498694516972,647.0,819.0,2174.0,2595.0,36.0,46.0,202.0,284.0,329.0,296.0,767.0,684.0,20.0,80.0,0.0
ott,20222023,82,259.0,270.0,3.158536585365854,3.292682926829268,293.18,276.33,3.575365853658537,3.3698780487804876,-34.18000000000001,33.48780487804878,31.365853658536587,62.15853658536585,58.5609756097561,9.431900946831755,0.8950233281493002,51.447207501019165,0.51,0.52,0.51,98.93423376176177,307.0,316.0,95.0,96.0,30.944625407166125,0.6962025316455696,896.0,742.0,2633.0,2490.0,27.0,40.0,283.0,244.0,354.0,368.0,827.0,862.0,20.0,80.0,0.0
nyi,20222023,82,242.0,217.0,2.951219512195122,2.6463414634146343,258.48,258.13,3.1521951219512196,3.1479268292682927,-16.480000000000018,30.79268292682927,31.036585365853657,59.30487804878049,60.25609756097561,9.584158415841584,0.9147347740667976,51.72568354997759,0.5,0.49,0.5,101.05763582252135,291.0,292.0,66.0,66.0,22.68041237113402,0.773972602739726,704.0,682.0,2545.0,2644.0,32.0,31.0,285.0,281.0,268.0,269.0,588.0,591.0,20.0,80.0,0.6
tor,20222023,82,278.0,220.0,3.3902439024390243,2.682926829268293,286.98,243.0,3.499756097560976,2.9634146341463414,-8.980000000000018,32.0609756097561,29.51219512195122,58.13414634146341,56.28048780487805,10.574362875618105,0.9090909090909091,53.11438278595696,0.51,0.52,0.54,101.48345378470901,328.0,261.0,97.0,66.0,29.573170731707314,0.7471264367816092,828.0,729.0,2483.0,2411.0,43.0,37.0,255.0,243.0,292.0,294.0,635.0,622.0,20.0,80.0,0.6
dal,20222023,82,281.0,215.0,3.426829268292683,2.6219512195121952,277.59,227.6,3.385243902439024,2.7756097560975608,3.410000000000025,31.926829268292682,29.926829268292682,60.80487804878049,56.08536585365854,10.733384262796028,0.9123879380603097,54.75341028331584,0.52,0.51,0.55,101.97217806882699,302.0,223.0,96.0,61.0,31.788079470198678,0.726457399103139,730.0,674.0,2603.0,2551.0,38.0,30.0,258.0,199.0,269.0,285.0,583.0,645.0,20.0,80.0,0.6
sea,20222023,82,289.0,252.0,3.524390243902439,3.073170731707317,255.02,242.75,3.1100000000000003,2.9603658536585367,33.97999999999999,30.463414634146343,27.036585365853657,57.890243902439025,53.08536585365854,11.569255404323458,0.8863328822733424,45.3156146179402,0.52,0.52,0.51,100.20254363165769,254.0,259.0,81.0,91.0,31.88976377952756,0.6486486486486487,704.0,708.0,2601.0,2259.0,34.0,40.0,210.0,211.0,279.0,288.0,632.0,658.0,20.0,80.0,0.6
nyr,20222023,82,273.0,216.0,3.3292682926829267,2.6341463414634148,257.31,247.07,3.137926829268293,3.013048780487805,15.689999999999998,31.5,29.329268292682926,58.68292682926829,55.52439024390244,10.569105691056912,0.9101871101871102,49.06720611373343,0.51,0.52,0.51,101.58781670976794,236.0,265.0,79.0,68.0,33.47457627118644,0.7433962264150944,760.0,712.0,2636.0,2371.0,22.0,34.0,214.0,224.0,262.0,286.0,605.0,663.0,20.0,80.0,0.6
sjs,20222023,82,233.0,315.0,2.841463414634146,3.841463414634146,260.84,280.14,3.1809756097560973,3.416341463414634,-27.839999999999975,29.48780487804878,32.19512195121951,56.18292682926829,61.1219512195122,9.636062861869313,0.8806818181818181,50.98724804607158,0.48,0.48,0.48,97.70424468005112,294.0,297.0,79.0,88.0,26.87074829931973,0.7037037037037037,727.0,793.0,2363.0,2614.0,45.0,44.0,250.0,255.0,278.0,246.0,627.0,559.0,20.0,80.0,0.0
car,20222023,82,262.0,210.0,3.1951219512195124,2.5609756097560976,298.51,213.37,3.6403658536585364,2.6020731707317073,-36.50999999999999,34.78048780487805,26.01219512195122,68.36585365853658,45.81707317073171,9.186535764375876,0.9015471167369902,52.85685443165759,0.6,0.59,0.58,99.34124743807489,334.0,216.0,78.0,51.0,23.353293413173652,0.7638888888888888,812.0,643.0,3079.0,2064.0,45.0,21.0,360.0,201.0,283.0,270.0,582.0,559.0,20.0,80.0,0.6
min,20222023,82,239.0,219.0,2.9146341463414633,2.6707317073170733,258.75,248.36,3.1554878048780486,3.028780487804878,-19.75,30.914634146341463,31.121951219512194,58.46341463414634,58.76829268292683,9.42800788954635,0.9141849529780565,47.68255356362046,0.5,0.51,0.51,100.846503187352,260.0,246.0,81.0,66.0,31.153846153846153,0.7317073170731707,775.0,720.0,2572.0,2535.0,35.0,27.0,245.0,225.0,336.0,336.0,781.0,790.0,20.0,80.0,0.6
cbj,20222023,82,213.0,329.0,2.597560975609756,4.012195121951219,236.17,297.98,2.880121951219512,3.6339024390243906,-23.169999999999987,29.26829268292683,35.4390243902439,55.41463414634146,66.1219512195122,8.875,0.8867859600825878,48.6339937434828,0.46,0.45,0.44,97.55359600825878,232.0,312.0,56.0,99.0,24.137931034482758,0.6826923076923077,704.0,865.0,2440.0,2902.0,28.0,50.0,220.0,288.0,277.0,262.0,604.0,572.0,20.0,80.0,0.0
phi,20222023,82,220.0,276.0,2.682926829268293,3.3658536585365852,231.81,272.13,2.8269512195121953,3.3186585365853656,-11.810000000000002,29.463414634146343,31.536585365853657,54.426829268292686,61.90243902439025,9.105960264900661,0.8932714617169374,45.73237284435713,0.47,0.48,0.46,98.4331064365944,254.0,276.0,74.0,85.0,29.133858267716533,0.6920289855072463,641.0,801.0,2454.0,2588.0,29.0,28.0,212.0,235.0,302.0,298.0,721.0,708.0,20.0,80.0,0.0
ari,20222023,82,225.0,295.0,2.7439024390243905,3.597560975609756,223.54,313.28,2.7260975609756097,3.8204878048780486,1.460000000000008,25.865853658536587,35.0609756097561,48.21951219512195,63.76829268292683,10.608203677510609,0.8973913043478261,45.88996763754045,0.43,0.43,0.42,100.34733411229323,238.0,318.0,77.0,95.0,32.35294117647059,0.7012578616352201,641.0,897.0,2084.0,2788.0,27.0,44.0,194.0,269.0,359.0,292.0,818.0,682.0,20.0,80.0,0.0
lak,20222023,82,274.0,254.0,3.341463414634146,3.097560975609756,268.81,236.29,3.278170731707317,2.8815853658536583,5.189999999999998,32.426829268292686,27.914634146341463,59.390243902439025,55.84146341463415,10.304625799172621,0.889034512887724,53.32458442694663,0.52,0.53,0.53,99.20807708794503,277.0,233.0,86.0,76.0,31.046931407942242,0.6738197424892705,811.0,707.0,2581.0,2331.0,32.0,30.0,218.0,204.0,311.0,310.0,669.0,660.0,20.0,80.0,0.6
tbl,20222023,82,280.0,252.0,3.4146341463414633,3.073170731707317,293.47,270.89,3.5789024390243904,3.3035365853658534,-13.470000000000027,31.963414634146343,31.48780487804878,59.926829268292686,56.78048780487805,10.6829454406715,0.9024012393493416,51.61572052401747,0.51,0.51,0.52,100.92306937560566,298.0,286.0,102.0,87.0,34.22818791946309,0.6958041958041958,905.0,781.0,2497.0,2441.0,41.0,28.0,250.0,240.0,344.0,359.0,801.0,848.0,20.0,80.0,0.6
det,20222023,82,237.0,275.0,2.8902439024390243,3.3536585365853657,228.63,247.34,2.788170731707317,3.0163414634146344,8.370000000000005,28.195121951219512,30.4390243902439,52.30487804878049,58.68292682926829,10.250865051903114,0.889823717948718,49.12938064800529,0.47,0.48,0.48,99.23323684677491,241.0,263.0,76.0,79.0,31.535269709543567,0.6996197718631179,585.0,652.0,2377.0,2615.0,26.0,45.0,206.0,231.0,296.0,307.0,608.0,640.0,20.0,80.0,0.0
col,20222023,82,274.0,223.0,3.341463414634146,2.7195121951219514,263.4,245.83,3.2121951219512193,2.997926829268293,10.600000000000023,33.28048780487805,30.975609756097562,61.02439024390244,55.18292682926829,10.040307805056797,0.9122047244094488,46.70807453416149,0.53,0.52,0.52,101.26078024600167,260.0,263.0,90.0,68.0,34.61538461538461,0.7414448669201521,726.0,665.0,2688.0,2483.0,32.0,31.0,208.0,245.0,287.0,299.0,629.0,653.0,20.0,80.0,0.6
vgk,20222023,82,267.0,225.0,3.2560975609756095,2.7439024390243905,265.92,237.71,3.242926829268293,2.8989024390243903,1.079999999999984,31.548780487804876,30.902439024390244,58.36585365853659,61.65853658536585,10.320834943950521,0.9112075769534334,52.25475528959179,0.49,0.5,0.53,101.44159263929384,296.0,241.0,93.0,70.0,31.41891891891892,0.7095435684647302,739.0,646.0,2489.0,2676.0,45.0,32.0,242.0,230.0,235.0,250.0,523.0,544.0,20.0,80.0,0.6
stl,20222023,82,260.0,298.0,3.1707317073170733,3.6341463414634148,220.89,281.49,2.6937804878048777,3.4328048780487808,39.110000000000014,28.548780487804876,32.353658536585364,51.170731707317074,59.68292682926829,11.106364801366936,0.8876743309460987,48.488949030221015,0.46,0.46,0.44,99.87379789597681,200.0,284.0,73.0,100.0,36.5,0.647887323943662,678.0,812.0,2322.0,2625.0,27.0,47.0,165.0,262.0,254.0,276.0,559.0,606.0,20.0,80.0,0.0
van,20222023,82,270.0,296.0,3.292682926829268,3.6097560975609757,245.86,262.51,2.9982926829268295,3.201341463414634,24.139999999999986,29.73170731707317,30.817073170731707,55.048780487804876,56.78048780487805,11.074651353568498,0.8828650573802929,49.48835183975615,0.49,0.49,0.48,99.36115709159779,261.0,285.0,91.0,98.0,34.86590038314176,0.656140350877193,680.0,733.0,2446.0,2499.0,38.0,40.0,230.0,253.0,286.0,312.0,680.0,728.0,20.0,80.0,0.0
wpg,20222023,82,246.0,224.0,3.0,2.731707317073171,267.67,251.2,3.264268292682927,3.0634146341463415,-21.670000000000016,30.317073170731707,30.329268292682926,58.98780487804878,55.573170731707314,9.895414320193082,0.9099316445516686,48.93569347972216,0.51,0.51,0.52,100.88857877535995,284.0,256.0,74.0,78.0,26.056338028169012,0.6953125,757.0,731.0,2585.0,2457.0,43.0,34.0,225.0,215.0,296.0,318.0,669.0,707.0,20.0,80.0,0.6
nyr,20232024,82,278.0,226.0,3.3902439024390243,2.7560975609756095,267.6,249.94,3.2634146341463417,3.0480487804878047,10.399999999999977,31.48780487804878,29.5,63.0,59.792682926829265,10.766847405112316,0.9065729640347251,52.26174791392183,0.51,0.52,0.52,101.42414380858483,292.0,279.0,86.0,64.0,29.45205479452055,0.7706093189964158,647.0,620.0,2845.0,2632.0,41.0,28.0,255.0,293.0,283.0,297.0,639.0,668.0,20.0,80.0,0.6
tbl,20232024,82,288.0,267.0,3.5121951219512195,3.2560975609756095,269.37,260.06,3.285,3.1714634146341463,18.629999999999995,29.29268292682927,29.634146341463413,60.30487804878049,58.073170731707314,11.99000832639467,0.8901234567901235,51.753996447602134,0.51,0.51,0.51,101.00235400540703,298.0,308.0,90.0,75.0,30.201342281879196,0.7564935064935066,702.0,626.0,2517.0,2468.0,40.0,29.0,246.0,272.0,303.0,312.0,703.0,720.0,20.0,80.0,0.6
ott,20232024,82,250.0,281.0,3.048780487804878,3.426829268292683,251.67,246.55,3.0691463414634144,3.006707317073171,-1.6699999999999875,31.73170731707317,29.658536585365855,63.26829268292683,59.65853658536585,9.607993850883934,0.8844572368421053,50.987124463519315,0.51,0.52,0.51,98.05371753509446,291.0,303.0,63.0,77.0,21.649484536082475,0.7458745874587458,615.0,583.0,2855.0,2546.0,29.0,35.0,298.0,288.0,322.0,350.0,711.0,782.0,20.0,80.0,0.0
chi,20232024,82,178.0,289.0,2.1707317073170733,3.524390243902439,206.24,274.4,2.515121951219512,3.346341463414634,-28.24000000000001,26.25609756097561,32.71951219512195,51.90243902439025,64.20731707317073,8.267533673943335,0.8922847558702944,46.26082991336069,0.45,0.44,0.43,97.49600926097277,232.0,297.0,61.0,73.0,26.29310344827586,0.7542087542087542,495.0,717.0,2319.0,2796.0,29.0,35.0,237.0,273.0,279.0,281.0,641.0,644.0,20.0,80.0,0.0
sea,20232024,82,214.0,232.0,2.6097560975609757,2.8292682926829267,231.6,224.66,2.824390243902439,2.7397560975609756,-17.599999999999994,28.634146341463413,29.158536585365855,61.451219512195124,59.073170731707314,9.114139693356048,0.9029694688414889,47.517104391966456,0.51,0.5,0.51,99.41108657750495,252.0,239.0,60.0,71.0,23.809523809523807,0.7029288702928871,575.0,577.0,2659.0,2727.0,24.0,31.0,233.0,255.0,260.0,276.0,597.0,614.0,20.0,80.0,0.0
nsh,20232024,82,266.0,248.0,3.2439024390243905,3.024390243902439,273.29,250.29,3.3328048780487807,3.0523170731707316,-7.2900000000000205,32.21951219512195,30.573170731707318,63.5,58.69512195121951,10.068130204390613,0.901076984443558,50.353697749196144,0.52,0.52,0.52,100.17582864874642,313.0,292.0,101.0,82.0,32.26837060702875,0.7191780821917808,701.0,630.0,2769.0,2549.0,41.0,27.0,287.0,271.0,299.0,313.0,706.0,727.0,20.0,80.0,0.6
cbj,20232024,82,234.0,298.0,2.8536585365853657,3.6341463414634148,237.61,289.47,2.8976829268292685,3.5301219512195123,-3.6100000000000136,29.975609756097562,34.41463414634146,61.609756097560975,67.2560975609756,9.51993490642799,0.8944011339475549,47.22162162162162,0.48,0.47,0.45,98.96004830118349,261.0,333.0,61.0,79.0,23.371647509578544,0.7627627627627628,606.0,727.0,2711.0,2932.0,26.0,35.0,286.0,320.0,281.0,255.0,616.0,574.0,20.0,80.0,0.0
van,20232024,82,279.0,221.0,3.402439024390244,2.6951219512195124,259.89,241.63,3.169390243902439,2.946707317073171,19.110000000000014,28.390243902439025,28.585365853658537,58.98780487804878,56.170731707317074,11.984536082474227,0.9057167235494881,52.13122070966302,0.51,0.51,0.52,102.55620843742302,324.0,296.0,91.0,73.0,28.08641975308642,0.7533783783783784,620.0,587.0,2533.0,2473.0,43.0,28.0,272.0,278.0,295.0,300.0,656.0,663.0,20.0,80.0,0.6
min,20232024,82,248.0,260.0,3.024390243902439,3.1707317073170733,258.04,238.66,3.146829268292683,2.910487804878049,-10.04000000000002,30.146341463414632,29.71951219512195,61.02439024390244,60.170731707317074,10.032362459546926,0.8933114485022569,47.312756313403845,0.5,0.51,0.52,99.36350730977261,275.0,251.0,75.0,79.0,27.27272727272727,0.6852589641434264,675.0,595.0,2653.0,2667.0,24.0,21.0,250.0,189.0,330.0,331.0,776.0,780.0,20.0,80.0,0.0
nyi,20232024,82,245.0,258.0,2.9878048780487805,3.1463414634146343,239.91,264.71,2.925731707317073,3.228170731707317,5.090000000000003,30.121951219512194,32.76829268292683,58.792682926829265,67.3170731707317,9.919028340080972,0.9039821362113881,51.26500857632933,0.47,0.48,0.48,100.31724196121978,288.0,311.0,60.0,88.0,20.833333333333336,0.7170418006430868,599.0,600.0,2638.0,2936.0,34.0,31.0,283.0,296.0,247.0,254.0,536.0,556.0,20.0,80.0,0.0
pit,20232024,82,253.0,248.0,3.0853658536585367,3.024390243902439,286.1,255.97,3.4890243902439027,3.1215853658536585,-33.10000000000002,32.74390243902439,30.24390243902439,65.3780487804878,61.5,9.422718808193668,0.9,54.63831561392537,0.52,0.51,0.53,99.42271880819366,345.0,275.0,75.0,77.0,21.73913043478261,0.72,709.0,644.0,2789.0,2783.0,30.0,39.0,317.0,268.0,265.0,277.0,567.0,594.0,20.0,80.0,0.6
col,20232024,82,302.0,252.0,3.682926829268293,3.073170731707317,291.01,270.27,3.54890243902439,3.2959756097560975,10.990000000000009,33.01219512195122,29.829268292682926,65.02439024390245,58.68292682926829,11.15626154414481,0.8969746524938675,47.944061782508875,0.53,0.52,0.52,100.85372679353156,304.0,333.0,84.0,89.0,27.631578947368425,0.7327327327327327,809.0,642.0,2713.0,2528.0,33.0,35.0,243.0,286.0,287.0,307.0,615.0,661.0,20.0,80.0,0.6
wpg,20232024,82,259.0,198.0,3.158536585365854,2.4146341463414633,247.1,242.81,3.0134146341463413,2.9610975609756096,11.900000000000006,30.353658536585368,29.621951219512194,59.792682926829265,59.09756097560975,10.405785456006427,0.9184849732400164,47.586660816147436,0.5,0.51,0.5,102.25428278000807,255.0,285.0,83.0,77.0,32.549019607843135,0.7298245614035088,636.0,595.0,2702.0,2630.0,37.0,29.0,257.0,290.0,263.0,282.0,611.0,648.0,20.0,80.0,0.6
det,20232024,82,275.0,273.0,3.3536585365853657,3.3292682926829267,242.89,272.6,2.962073170731707,3.3243902439024393,32.110000000000014,28.963414634146343,32.40243902439025,57.08536585365854,65.08536585365853,11.578947368421053,0.8972525404591645,50.582997668009334,0.47,0.47,0.47,101.3042014143375,268.0,288.0,85.0,69.0,31.716417910447763,0.7604166666666666,575.0,698.0,2547.0,2881.0,42.0,36.0,228.0,279.0,301.0,338.0,642.0,710.0,20.0,80.0,0.6
car,20232024,82,277.0,211.0,3.3780487804878048,2.573170731707317,285.86,220.48,3.48609756097561,2.6887804878048778,-8.860000000000014,33.353658536585364,25.621951219512194,70.98780487804878,48.76829268292683,10.12797074954296,0.8995716325559258,52.56542344941273,0.59,0.58,0.56,100.08513400513553,314.0,257.0,99.0,62.0,31.528662420382165,0.7587548638132295,715.0,559.0,3129.0,2161.0,35.0,29.0,312.0,237.0,283.0,284.0,601.0,605.0,20.0,80.0,0.6
njd,20232024,82,264.0,281.0,3.2195121951219514,3.426829268292683,274.6,269.61,3.3487804878048784,3.287926829268293,-10.600000000000023,30.682926829268293,29.975609756097562,62.58536585365854,57.951219512195124,10.492845786963434,0.8856794141578519,53.53491407439635,0.52,0.51,0.5,99.06078720274861,352.0,328.0,90.0,107.0,25.568181818181817,0.6737804878048781,648.0,673.0,2598.0,2522.0,38.0,36.0,321.0,290.0,283.0,282.0,627.0,639.0,20.0,80.0,0.0
wsh,20232024,82,216.0,252.0,2.6341463414634148,3.073170731707317,236.54,262.5,2.8846341463414635,3.201219512195122,-20.539999999999992,26.48780487804878,30.524390243902438,55.75609756097561,64.09756097560975,9.94475138121547,0.8993208150219736,46.65350010972131,0.47,0.46,0.47,99.87683288341283,252.0,301.0,64.0,63.0,25.396825396825395,0.7906976744186046,620.0,639.0,2347.0,2774.0,32.0,24.0,294.0,251.0,259.0,259.0,560.0,560.0,20.0,80.0,0.0
ana,20232024,82,203.0,293.0,2.475609756097561,3.573170731707317,219.06,281.69,2.6714634146341463,3.435243902439024,-16.060000000000002,26.75609756097561,32.51219512195122,52.81707317073171,64.7560975609756,9.252506836827711,0.8900975243810952,46.647551830613146,0.45,0.45,0.44,98.26225927493724,257.0,291.0,73.0,83.0,28.404669260700388,0.7147766323024055,535.0,759.0,2364.0,2808.0,28.0,40.0,209.0,281.0,407.0,325.0,914.0,741.0,20.0,80.0,0.0
buf,20232024,82,244.0,243.0,2.975609756097561,2.9634146341463414,249.63,268.49,3.044268292682927,3.274268292682927,-5.6299999999999955,30.914634146341463,29.29268292682927,60.073170731707314,59.15853658536585,9.62524654832347,0.898834304746045,45.02411223147742,0.5,0.5,0.48,99.50867702292797,262.0,313.0,60.0,78.0,22.900763358778626,0.7507987220447284,641.0,699.0,2688.0,2545.0,31.0,28.0,237.0,295.0,289.0,275.0,641.0,601.0,20.0,80.0,0.6
stl,20232024,82,234.0,248.0,2.8536585365853657,3.024390243902439,238.92,273.42,2.9136585365853658,3.334390243902439,-4.9199999999999875,28.902439024390244,32.15853658536585,55.5,62.80487804878049,9.873417721518987,0.9059537353052711,49.90033222591362,0.47,0.47,0.47,100.4687912520461,262.0,288.0,76.0,79.0,29.00763358778626,0.7256944444444444,596.0,763.0,2511.0,2753.0,26.0,30.0,228.0,282.0,251.0,282.0,550.0,627.0,20.0,80.0,0.0
phi,20232024,82,231.0,258.0,2.817073170731707,3.1463414634146343,242.31,238.06,2.955,2.903170731707317,-11.310000000000002,33.02439024390244,27.134146341463413,64.04878048780488,59.96341463414634,8.530280649926144,0.8840449438202247,49.67893835616438,0.52,0.54,0.5,96.9347750319486,261.0,270.0,58.0,71.0,22.22222222222222,0.737037037037037,624.0,580.0,2942.0,2430.0,30.0,34.0,264.0,246.0,297.0,316.0,672.0,703.0,20.0,80.0,0.0
tor,20232024,82,298.0,261.0,3.6341463414634148,3.182926829268293,291.39,264.68,3.5535365853658534,3.2278048780487807,6.610000000000014,32.573170731707314,29.829268292682926,63.97560975609756,61.890243902439025,11.156870086110072,0.89329517579722,53.43972395945654,0.51,0.51,0.52,100.48638766583207,340.0,322.0,81.0,81.0,23.823529411764703,0.7484472049689441,756.0,637.0,2715.0,2669.0,21.0,31.0,279.0,279.0,300.0,296.0,673.0,681.0,20.0,80.0,0.6
ari,20232024,82,254.0,274.0,3.097560975609756,3.341463414634146,248.07,273.42,3.0252439024390245,3.334390243902439,5.930000000000007,27.74390243902439,31.70731707317073,56.707317073170735,62.5609756097561,11.164835164835164,0.8946153846153846,45.08214209515682,0.48,0.47,0.48,100.62637362637362,293.0,308.0,86.0,89.0,29.351535836177472,0.711038961038961,584.0,666.0,2492.0,2812.0,28.0,30.0,254.0,265.0,329.0,319.0,754.0,733.0,20.0,80.0,0.0
bos,20232024,82,263.0,221.0,3.207317073170732,2.6951219512195124,255.98,253.27,3.1217073170731706,3.088658536585366,7.02000000000001,29.25609756097561,30.548780487804876,56.21951219512195,62.15853658536585,10.962901208837016,0.9117764471057884,49.504523912106855,0.47,0.48,0.5,102.14054591941586,305.0,302.0,91.0,88.0,29.836065573770494,0.7086092715231789,681.0,624.0,2397.0,2753.0,35.0,44.0,264.0,265.0,320.0,294.0,708.0,652.0,20.0,80.0,0.6
edm,20232024,82,292.0,236.0,3.5609756097560976,2.8780487804878048,310.61,230.52,3.787926829268293,2.8112195121951222,-18.610000000000014,33.75609756097561,28.134146341463413,65.54878048780488,54.40243902439025,10.54913294797688,0.8977026441265713,53.22887994918484,0.55,0.55,0.57,100.31939736063401,376.0,243.0,87.0,70.0,23.138297872340424,0.7119341563786008,817.0,621.0,2727.0,2403.0,36.0,29.0,311.0,216.0,306.0,279.0,682.0,625.0,20.0,80.0,0.6
fla,20232024,82,265.0,198.0,3.231707317073171,2.4146341463414633,304.96,230.76,3.719024390243902,2.8141463414634145,-39.95999999999998,33.73170731707317,27.804878048780488,68.58536585365853,53.646341463414636,9.58062183658713,0.9131578947368421,51.26796280642435,0.56,0.55,0.57,100.89641131027133,361.0,280.0,94.0,80.0,26.038781163434905,0.7142857142857143,665.0,579.0,2928.0,2414.0,38.0,31.0,317.0,249.0,389.0,360.0,856.0,810.0,20.0,80.0,0.6
sjs,20232024,82,180.0,326.0,2.1951219512195124,3.975609756097561,205.42,313.38,2.505121951219512,3.821707317073171,-25.419999999999987,25.23170731707317,35.13414634146341,53.292682926829265,71.04878048780488,8.699855002416626,0.8868448455397432,49.03005755702409,0.43,0.42,0.4,97.38433955639094,233.0,368.0,42.0,94.0,18.025751072961373,0.7445652173913043,539.0,765.0,2303.0,3058.0,20.0,50.0,241.0,336.0,297.0,257.0,668.0,576.0,20.0,80.0,0.0
dal,20232024,82,294.0,232.0,3.5853658536585367,2.8292682926829267,283.36,226.51,3.455609756097561,2.7623170731707316,10.639999999999986,31.5609756097561,28.658536585365855,64.64634146341463,57.80487804878049,11.360123647604329,0.9012765957446809,54.014447884416924,0.53,0.53,0.56,101.48778322207241,318.0,240.0,96.0,68.0,30.18867924528302,0.7166666666666667,719.0,606.0,2761.0,2567.0,41.0,33.0,293.0,208.0,248.0,248.0,528.0,532.0,20.0,80.0,0.6
mtl,20232024,82,232.0,281.0,2.8292682926829267,3.426829268292683,229.11,280.77,2.794024390243903,3.4240243902439023,2.8899999999999864,27.670731707317074,33.390243902439025,55.28048780487805,67.51219512195122,10.22476862053768,0.8973703433162893,51.45631067961165,0.45,0.45,0.45,99.96180295216661,259.0,321.0,68.0,81.0,26.254826254826252,0.7476635514018692,613.0,677.0,2404.0,2933.0,31.0,36.0,234.0,311.0,336.0,312.0,755.0,706.0,20.0,80.0,0.0
vgk,20232024,82,263.0,243.0,3.207317073170732,2.9634146341463414,251.62,248.13,3.0685365853658535,3.0259756097560975,11.379999999999995,31.073170731707318,30.329268292682926,60.75609756097561,63.74390243902439,10.32182103610675,0.902291917973462,50.19522776572668,0.49,0.5,0.5,100.55101283345296,292.0,268.0,86.0,80.0,29.45205479452055,0.7014925373134329,641.0,619.0,2617.0,2729.0,32.0,30.0,266.0,263.0,237.0,275.0,529.0,597.0,20.0,80.0,0.6
cgy,20232024,82,253.0,267.0,3.0853658536585367,3.2560975609756095,251.34,256.23,3.065121951219512,3.124756097560976,1.6599999999999966,31.378048780487806,29.73170731707317,64.10975609756098,61.08536585365854,9.832879906723669,0.8904840032813782,49.64744919120697,0.51,0.52,0.5,98.88128023486149,278.0,281.0,86.0,79.0,30.935251798561154,0.7188612099644128,580.0,669.0,2913.0,2580.0,31.0,29.0,268.0,237.0,303.0,308.0,669.0,668.0,20.0,80.0,0.0
lak,20232024,82,254.0,210.0,3.097560975609756,2.5609756097560976,267.84,234.97,3.266341463414634,2.8654878048780485,-13.839999999999975,31.902439024390244,28.01219512195122,63.34146341463415,57.21951219512195,9.709480122324159,0.9085764040052242,50.59769615301022,0.53,0.53,0.53,100.56712052284658,318.0,260.0,80.0,66.0,25.157232704402517,0.7461538461538462,650.0,612.0,2837.0,2464.0,30.0,33.0,317.0,232.0,288.0,293.0,629.0,635.0,20.0,80.0,0.6
vgk,20242025,82,274.0,214.0,3.341463414634146,2.6097560975609757,275.76,232.08,3.3629268292682926,2.8302439024390247,-1.759999999999991,30.24390243902439,26.109756097560975,60.52439024390244,58.40243902439025,11.048387096774194,0.9000467071461934,50.410722006052744,0.51,0.52,0.54,101.05305781139353,338.0,262.0,84.0,65.0,24.85207100591716,0.7519083969465649,676.0,598.0,2625.0,2534.0,32.0,36.0,274.0,267.0,189.0,207.0,431.0,463.0,20.0,80.0,0.6
tor,20242025,82,267.0,229.0,3.2560975609756095,2.792682926829268,261.11,266.66,3.184268292682927,3.2519512195121956,5.889999999999986,28.024390243902438,29.341463414634145,56.80487804878049,63.40243902439025,11.618798955613578,0.9048212801330009,53.74420145791915,0.47,0.48,0.49,102.10092696891365,305.0,304.0,84.0,69.0,27.54098360655738,0.7730263157894737,626.0,634.0,2487.0,2765.0,28.0,27.0,243.0,291.0,276.0,260.0,618.0,603.0,20.0,80.0,0.6
min,20242025,82,225.0,236.0,2.7439024390243905,2.8780487804878048,237.43,238.14,2.895487804878049,2.9041463414634143,-12.430000000000007,27.609756097560975,29.609756097560975,56.68292682926829,62.23170731707317,9.93816254416961,0.9028006589785832,46.70107719928186,0.48,0.48,0.5,100.21822844202794,255.0,255.0,71.0,72.0,27.84313725490196,0.7176470588235294,589.0,616.0,2529.0,2777.0,24.0,31.0,248.0,231.0,252.0,250.0,588.0,580.0,20.0,80.0,0.0
phi,20242025,82,232.0,283.0,2.8292682926829267,3.451219512195122,250.11,237.21,3.0501219512195124,2.8928048780487807,-18.110000000000014,26.98780487804878,26.951219512195124,55.853658536585364,60.21951219512195,10.483506552191594,0.8719457013574661,49.922377467287646,0.48,0.5,0.51,97.6780766879382,294.0,246.0,62.0,75.0,21.08843537414966,0.6951219512195121,631.0,628.0,2410.0,2480.0,30.0,27.0,261.0,230.0,253.0,263.0,552.0,576.0,20.0,80.0,0.0
buf,20242025,82,265.0,287.0,3.231707317073171,3.5,255.23,277.47,3.112560975609756,3.3837804878048785,9.77000000000001,27.804878048780488,28.914634146341463,59.26829268292683,59.86585365853659,11.62280701754386,0.878954027836356,47.82969885773624,0.5,0.49,0.48,99.51820980117947,282.0,331.0,69.0,99.0,24.46808510638298,0.7009063444108761,606.0,684.0,2622.0,2589.0,30.0,46.0,255.0,279.0,309.0,301.0,699.0,678.0,20.0,80.0,0.0
cgy,20242025,82,220.0,236.0,2.682926829268293,2.8780487804878048,241.84,252.7,2.949268292682927,3.0817073170731706,-21.840000000000003,29.4390243902439,28.926829268292682,63.46341463414634,60.40243902439025,9.113504556752279,0.9005059021922428,46.24427176728432,0.51,0.51,0.49,99.16409477597655,278.0,260.0,73.0,67.0,26.258992805755394,0.7423076923076923,554.0,666.0,2788.0,2586.0,27.0,30.0,231.0,241.0,289.0,302.0,662.0,680.0,20.0,80.0,0.0
sjs,20242025,82,208.0,310.0,2.5365853658536586,3.7804878048780486,222.67,295.14,2.7154878048780486,3.5992682926829267,-14.669999999999987,26.865853658536587,31.79268292682927,56.4390243902439,66.71951219512195,9.4416704493872,0.8810893747602608,48.06417112299465,0.46,0.46,0.43,97.55060792541329,247.0,354.0,60.0,92.0,24.291497975708502,0.7401129943502824,572.0,708.0,2473.0,2849.0,28.0,38.0,238.0,344.0,297.0,274.0,675.0,648.0,20.0,80.0,0.0
cbj,20242025,82,267.0,267.0,3.2560975609756095,3.2560975609756095,245.17,266.73,2.9898780487804877,3.2528048780487806,21.830000000000013,29.048780487804876,29.914634146341463,59.3780487804878,62.96341463414634,11.209068010075567,0.8911536893599674,47.77872703972662,0.49,0.49,0.48,100.32443694607231,296.0,305.0,63.0,72.0,21.283783783783782,0.7639344262295082,603.0,701.0,2594.0,2684.0,31.0,35.0,291.0,302.0,268.0,230.0,624.0,555.0,20.0,80.0,0.0
mtl,20242025,82,243.0,261.0,2.9634146341463414,3.182926829268293,241.22,284.79,2.941707317073171,3.473048780487805,1.7800000000000011,25.548780487804876,29.0609756097561,55.75609756097561,63.86585365853659,11.599045346062052,0.8904741921947126,50.79956188389924,0.47,0.47,0.46,100.64646456553331,250.0,331.0,71.0,64.0,28.4,0.8066465256797584,690.0,726.0,2305.0,2612.0,29.0,31.0,214.0,291.0,311.0,290.0,678.0,630.0,20.0,80.0,0.0
uta,20242025,82,240.0,247.0,2.926829268292683,3.0121951219512195,272.69,250.26,3.325487804878049,3.051951219512195,-32.69,28.5609756097561,27.70731707317073,61.97560975609756,57.951219512195124,10.247651579846286,0.8912852112676056,51.568668190317894,0.52,0.52,0.52,99.37617270660685,299.0,261.0,74.0,86.0,24.74916387959866,0.6704980842911877,747.0,683.0,2588.0,2427.0,27.0,39.0,264.0,226.0,301.0,288.0,711.0,665.0,20.0,80.0,0.0
nyr,20242025,82,255.0,255.0,3.1097560975609757,3.1097560975609757,258.68,276.97,3.1546341463414636,3.3776829268292685,-3.680000000000007,28.585365853658537,29.890243902439025,60.23170731707317,60.890243902439025,10.878839590443686,0.8959608323133414,53.57064381454625,0.5,0.5,0.48,100.47492282177784,292.0,328.0,69.0,76.0,23.63013698630137,0.7682926829268293,648.0,719.0,2665.0,2610.0,36.0,30.0,267.0,284.0,278.0,257.0,619.0,570.0,20.0,80.0,0.0
fla,20242025,82,246.0,223.0,3.0,2.7195121951219514,286.31,235.73,3.4915853658536586,2.8747560975609754,-40.31,31.573170731707318,26.195121951219512,66.57317073170732,52.8780487804878,9.501738122827346,0.8961824953445066,49.38860103626943,0.56,0.55,0.55,99.119987657278,346.0,265.0,79.0,75.0,22.832369942196532,0.7169811320754718,686.0,565.0,2905.0,2420.0,34.0,22.0,332.0,221.0,323.0,311.0,721.0,692.0,20.0,80.0,0.6
tbl,20242025,82,292.0,216.0,3.5609756097560976,2.6341463414634148,271.73,242.89,3.313780487804878,2.962073170731707,20.269999999999982,28.573170731707318,28.195121951219512,59.8780487804878,57.21951219512195,12.462654716175843,0.9065743944636678,50.084139671855276,0.51,0.51,0.53,103.12009416254263,298.0,268.0,92.0,54.0,30.87248322147651,0.7985074626865671,696.0,626.0,2533.0,2501.0,33.0,20.0,243.0,250.0,259.0,280.0,590.0,637.0,20.0,80.0,0.6
bos,20242025,82,222.0,271.0,2.707317073170732,3.3048780487804876,236.78,258.54,2.887560975609756,3.152926829268293,-14.780000000000001,26.51219512195122,28.609756097560975,56.13414634146341,60.03658536585366,10.211591536338545,0.8844842284739983,51.69329073482428,0.48,0.48,0.48,98.66001438373837,277.0,290.0,61.0,79.0,22.021660649819495,0.7275862068965517,587.0,632.0,2421.0,2636.0,23.0,29.0,239.0,251.0,305.0,300.0,711.0,693.0,20.0,80.0,0.0
pit,20242025,82,242.0,287.0,2.951219512195122,3.5,259.56,274.8,3.1653658536585367,3.3512195121951223,-17.560000000000002,28.378048780487806,30.146341463414632,60.548780487804876,60.792682926829265,10.399656209712075,0.8838996763754046,52.76696930393429,0.5,0.49,0.49,98.78962384725253,306.0,315.0,72.0,90.0,23.52941176470588,0.7142857142857143,656.0,689.0,2595.0,2651.0,29.0,32.0,310.0,283.0,243.0,252.0,523.0,549.0,20.0,80.0,0.0
edm,20242025,82,259.0,235.0,3.158536585365854,2.8658536585365852,276.87,228.8,3.3764634146341463,2.7902439024390246,-17.870000000000005,31.98780487804878,26.963414634146343,63.21951219512195,54.71951219512195,9.874189858940145,0.8937132519222072,50.90746134886848,0.54,0.54,0.55,99.24551505116087,299.0,256.0,77.0,60.0,25.75250836120401,0.765625,726.0,560.0,2758.0,2411.0,37.0,36.0,299.0,232.0,248.0,253.0,553.0,563.0,20.0,80.0,0.6
col,20242025,82,273.0,231.0,3.3292682926829267,2.817073170731707,259.53,231.75,3.1649999999999996,2.826219512195122,13.470000000000027,29.890243902439025,25.926829268292682,63.926829268292686,54.951219512195124,11.138310893512852,0.8913452492944497,47.07750952986023,0.54,0.54,0.53,100.27283582295782,275.0,260.0,86.0,77.0,31.272727272727273,0.7038461538461538,665.0,606.0,2761.0,2321.0,32.0,34.0,250.0,251.0,234.0,264.0,508.0,561.0,20.0,80.0,0.6
wsh,20242025,82,286.0,229.0,3.4878048780487805,2.792682926829268,274.21,250.38,3.344024390243902,3.0534146341463413,11.79000000000002,27.658536585365855,27.20731707317073,59.5609756097561,59.86585365853659,12.610229276895943,0.897355445988346,50.18482278756251,0.5,0.51,0.52,102.34577387573054,322.0,285.0,100.0,72.0,31.05590062111801,0.7473684210526316,679.0,663.0,2535.0,2503.0,31.0,27.0,255.0,252.0,296.0,281.0,671.0,642.0,20.0,80.0,0.6
van,20242025,82,233.0,251.0,2.841463414634146,3.0609756097560976,230.65,237.81,2.8128048780487807,2.9001219512195124,2.3499999999999943,25.5609756097561,26.78048780487805,56.03658536585366,57.6219512195122,11.116412213740459,0.8857012750455373,48.86036733790662,0.49,0.49,0.49,99.68653971829418,285.0,270.0,75.0,76.0,26.31578947368421,0.7185185185185186,503.0,596.0,2482.0,2553.0,37.0,38.0,235.0,244.0,293.0,291.0,661.0,663.0,20.0,80.0,0.0
car,20242025,82,266.0,230.0,3.2439024390243905,2.8048780487804876,293.06,236.84,3.57390243902439,2.888292682926829,-27.060000000000002,31.695121951219512,24.9390243902439,70.2439024390244,49.78048780487805,10.234705656021546,0.8875305623471883,52.71349580176121,0.59,0.58,0.55,98.98776189074037,314.0,292.0,74.0,72.0,23.56687898089172,0.7534246575342466,814.0,632.0,2998.0,2123.0,29.0,28.0,317.0,258.0,273.0,270.0,590.0,586.0,20.0,80.0,0.6
wpg,20242025,82,275.0,190.0,3.3536585365853657,2.317073170731707,257.74,230.89,3.143170731707317,2.815731707317073,17.25999999999999,28.24390243902439,27.182926829268293,58.41463414634146,59.02439024390244,11.87392055267703,0.9147599820547331,49.32915921288014,0.5,0.51,0.53,103.34991875815034,301.0,250.0,94.0,66.0,31.22923588039867,0.736,680.0,570.0,2559.0,2642.0,39.0,23.0,271.0,253.0,227.0,249.0,503.0,537.0,20.0,80.0,0.6
nsh,20242025,82,212.0,274.0,2.5853658536585367,3.341463414634146,264.11,256.3,3.2208536585365857,3.1256097560975613,-52.110000000000014,29.304878048780488,28.585365853658537,61.02439024390244,57.0,8.822305451518934,0.8831058020477816,51.269468743332624,0.52,0.51,0.51,97.13288565629708,293.0,281.0,63.0,77.0,21.501706484641637,0.7259786476868327,698.0,686.0,2572.0,2453.0,25.0,20.0,267.0,236.0,302.0,290.0,728.0,713.0,20.0,80.0,0.0
stl,20242025,82,250.0,231.0,3.048780487804878,2.817073170731707,222.26,231.25,2.7104878048780487,2.8201219512195124,27.74000000000001,26.658536585365855,27.26829268292683,54.890243902439025,57.84146341463415,11.436413540713632,0.896690518783542,51.56077042284702,0.49,0.49,0.49,101.10546541906783,248.0,262.0,73.0,66.0,29.435483870967744,0.7480916030534351,560.0,599.0,2370.0,2490.0,36.0,24.0,204.0,239.0,248.0,250.0,573.0,582.0,20.0,80.0,0.6
ana,20242025,82,217.0,261.0,2.6463414634146343,3.182926829268293,241.34,296.71,2.9431707317073172,3.6184146341463412,-24.340000000000003,27.682926829268293,32.30487804878049,57.98780487804878,67.67073170731707,9.559471365638766,0.9014722536806342,44.64171122994652,0.46,0.46,0.45,99.70669673370219,270.0,335.0,54.0,87.0,20.0,0.7402985074626866,614.0,743.0,2569.0,2962.0,31.0,39.0,283.0,279.0,310.0,284.0,657.0,607.0,20.0,80.0,0.0
njd,20242025,82,240.0,220.0,2.926829268292683,2.682926829268293,276.25,243.35,3.3689024390243905,2.9676829268292684,-36.25,28.097560975609756,26.390243902439025,60.98780487804878,56.96341463414634,10.416666666666668,0.8983364140480592,49.82332155477032,0.52,0.51,0.53,100.25030807147259,339.0,275.0,83.0,59.0,24.48377581120944,0.7854545454545454,677.0,612.0,2494.0,2507.0,32.0,30.0,295.0,268.0,271.0,258.0,611.0,579.0,20.0,80.0,0.6
det,20242025,82,235.0,259.0,2.8658536585365852,3.158536585365854,257.26,267.17,3.1373170731707316,3.258170731707317,-22.25999999999999,27.4390243902439,28.5,57.073170731707314,60.59756097560975,10.444444444444445,0.8891741548994437,48.97386044502052,0.48,0.49,0.49,99.36185993438882,293.0,311.0,80.0,86.0,27.303754266211605,0.7234726688102894,659.0,686.0,2453.0,2564.0,26.0,30.0,248.0,264.0,218.0,267.0,467.0,563.0,20.0,80.0,0.0
nyi,20242025,82,222.0,257.0,2.707317073170732,3.1341463414634148,243.07,259.32,2.964268292682927,3.1624390243902436,-21.069999999999993,29.51219512195122,28.74390243902439,61.3780487804878,61.548780487804876,9.173553719008265,0.8909630886720408,54.90492653414002,0.5,0.5,0.48,98.26986258621234,256.0,289.0,54.0,71.0,21.09375,0.754325259515571,651.0,658.0,2742.0,2641.0,29.0,22.0,287.0,279.0,201.0,221.0,441.0,481.0,20.0,80.0,0.0
sea,20242025,82,245.0,262.0,2.9878048780487805,3.1951219512195124,238.29,267.41,2.9059756097560974,3.26109756097561,6.710000000000008,27.353658536585368,28.573170731707318,58.390243902439025,62.792682926829265,10.922871154703522,0.8881775501493812,48.58255788790305,0.48,0.48,0.47,99.74062616964164,237.0,322.0,62.0,75.0,26.160337552742618,0.7670807453416149,608.0,626.0,2643.0,2760.0,25.0,29.0,231.0,276.0,234.0,273.0,525.0,589.0,20.0,80.0,0.0
ott,20242025,82,242.0,232.0,2.951219512195122,2.8292682926829267,252.01,255.69,3.0732926829268292,3.118170731707317,-10.009999999999991,29.304878048780488,28.621951219512194,60.24390243902439,58.78048780487805,10.070744902205577,0.9011504047720494,53.077742279020235,0.51,0.51,0.5,100.18578537941052,288.0,315.0,74.0,82.0,25.694444444444443,0.7396825396825397,645.0,606.0,2613.0,2508.0,34.0,36.0,251.0,271.0,294.0,332.0,642.0,736.0,20.0,80.0,0.6
lak,20242025,82,249.0,203.0,3.0365853658536586,2.475609756097561,250.96,213.91,3.060487804878049,2.6086585365853656,-1.960000000000008,28.097560975609756,25.524390243902438,61.646341463414636,54.91463414634146,10.807291666666668,0.903010033444816,50.60004363953742,0.53,0.53,0.54,101.10829501114827,282.0,211.0,79.0,52.0,28.01418439716312,0.7535545023696683,634.0,591.0,2711.0,2399.0,37.0,32.0,278.0,224.0,279.0,249.0,616.0,554.0,20.0,80.0,0.6
dal,20242025,82,275.0,222.0,3.3536585365853657,2.707317073170732,269.84,253.45,3.290731707317073,3.0908536585365853,5.160000000000025,28.353658536585368,29.048780487804876,60.01219512195122,59.15853658536585,11.827956989247312,0.906801007556675,52.13534144831855,0.5,0.49,0.52,102.50805774491481,293.0,285.0,91.0,71.0,31.058020477815703,0.7508771929824561,752.0,661.0,2423.0,2643.0,35.0,29.0,281.0,243.0,246.0,260.0,526.0,571.0,20.0,80.0,0.6
chi,20242025,82,224.0,292.0,2.731707317073171,3.5609756097560976,206.05,278.64,2.512804878048781,3.398048780487805,17.94999999999999,24.451219512195124,31.121951219512194,49.30487804878049,62.78048780487805,11.17206982543641,0.8855799373040752,44.756041951664386,0.44,0.44,0.43,99.73006355584394,238.0,322.0,60.0,79.0,25.210084033613445,0.7546583850931677,528.0,690.0,2160.0,2782.0,26.0,32.0,206.0,308.0,261.0,231.0,595.0,523.0,20.0,80.0,0.0
